girl,age,num_people,jerib_cnt,sheep_cnt,treatment,test_score
0,10,10,2,0,1,77
0,8,11,1,30,1,78
0,11,8,1,0,1,97
0,6,7,0,20,1,57
0,7,6,0,10,1,80
0,8,10,0,10,1,96
0,6,10,0,10,1,93
0,8,12,10,30,1,88
0,8,9,0.5,10,1,93
0,7,6,0,10,1,77
0,10,7,1,0,1,81
0,7,8,2,3,1,74
0,10,10,0,0,1,95
0,7,10,0,0,1,68
0,10,5,0,10,1,78
0,11,7,1,10,1,77
0,8,7,1,10,1,61
0,11,6,2,5,1,78
0,8,5,1,5,1,66
0,8,8,0,0,1,85
0,8,6,0,4,1,85
0,9,7,0,4,1,96
0,10,12,3,5,1,80
0,7,12,3,5,1,60
0,6,4,0.5,35,1,72
0,10,6,0,2,1,77
0,9,5,0,0,1,59
0,8,5,0,0,1,82
0,6,8,3,0,1,59
0,10,8,3,0,1,78
0,7,10,1,5,1,63
0,6,11,1,10,1,74
0,10,10,0,20,1,82
0,8,10,0,20,1,83
0,6,10,0,20,1,60
0,11,6,1,3,1,97
0,8,6,1,3,1,71
0,6,10,1,10,1,76
0,7,18,0,0,1,82
0,10,7,0.5,7,1,76
0,7,9,2,11,1,77
0,10,16,1,10,1,73
0,8,6,1,3,1,60
0,10,10,1,6,1,77
0,6,10,1,6,1,61
0,6,12,0,7,1,63
0,11,12,0,7,1,85
0,8,12,0,7,1,67
0,10,9,3,0,1,74
0,7,9,1,3,1,68
0,10,9,1,3,1,81
0,6,11,1,10,1,65
0,9,11,1,10,1,94
0,11,10,2,10,1,84
0,10,8,1,10,1,96
0,10,7,0,0,1,93
0,11,7,2,20,1,97
0,6,8,2,10,1,63
0,8,7,1,0,1,81
0,6,9,0.5,0,1,89
0,7,7,0,6,1,60
0,10,8,0.5,6,1,72
0,11,8,0.5,6,1,83
0,8,7,1,2,1,81
0,11,7,1,20,1,94
0,9,7,1,20,1,69
0,8,5,0,15,1,66
0,7,9,1,10,1,57
0,6,9,1,10,1,57
0,9,14,5,40,1,96
0,11,14,5,40,1,85
0,7,14,5,40,1,63
0,11,9,0,0,1,88
0,9,9,0,0,1,85
0,7,5,3,7,1,57
0,9,6,0,0,1,71
0,11,12,1,10,1,89
0,9,12,1,10,1,82
0,6,12,1,10,1,60
0,10,3,2,10,1,97
0,8,7,3,3,1,74
0,9,7,2,10,1,82
0,11,7,2,10,1,93
0,7,7,2,10,1,70
0,8,7,4,15,1,91
0,10,7,4,15,1,94
0,6,7,4,15,1,69
0,10,4,0,0,1,85
0,11,5,2,5,1,87
0,8,8,0,10,1,75
0,7,8,1,10,1,68
0,11,8,1,10,1,68
0,6,15,10,60,1,65
0,9,15,10,60,1,77
0,10,9,1,10,1,66
0,7,12,1,10,1,57
0,11,12,1,10,1,90
0,7,8,1,10,1,60
0,7,6,1,4,1,63
0,9,15,1,10,1,66
0,9,15,0,10,1,93
0,7,8,1,10,1,65
0,7,10,0.5,4,1,77
0,9,8,0.5,6,1,68
0,8,8,0.5,6,1,75
0,11,8,0.5,6,1,92
0,11,15,0,0,1,88
0,9,8,0,10,1,94
0,8,8,0,10,1,85
0,11,8,0,10,1,97
0,7,9,1,10,1,85
0,10,6,1,15,1,83
0,9,9,1,0,1,88
0,9,6,0,0,1,78
0,7,7,1,7,1,69
0,8,7,1,7,1,90
0,8,15,0,4,1,81
0,8,15,0,0,1,62
0,7,6,1,0,1,77
0,8,6,1,0,1,80
0,10,10,1,10,1,82
0,11,10,1,10,1,93
0,10,10,1,10,1,76
0,8,8,1,0,1,85
0,6,8,1,0,1,93
0,8,13,1,20,1,84
0,10,14,0,0,1,94
0,7,10,0,5,1,76
0,8,8,0,0,1,74
0,6,9,3,11,1,79
0,10,9,3,11,1,86
0,10,8,2,0,1,95
0,8,8,2,0,1,69
0,6,8,2,0,1,71
0,8,7,0,0,1,69
0,11,7,0,0,1,93
0,10,9,1,5,1,90
0,7,9,1,5,1,87
0,11,8,0,6,1,93
0,8,11,0,0,1,84
0,10,11,0,0,1,93
0,9,4,2,0,1,80
0,10,13,0,0,1,86
0,8,13,0,0,1,87
0,11,7,1,6,1,93
0,8,6,2,10,1,74
0,10,12,1,3,1,71
0,10,10,1,7,1,62
0,7,10,1,7,1,61
0,9,16,0,9,1,96
0,8,16,0,9,1,93
0,8,16,0,9,1,81
0,6,16,0,9,1,61
0,7,12,0,10,1,80
0,6,8,0,10,1,96
0,11,8,0,10,1,97
0,7,7,0,2,1,79
0,10,7,0,2,1,96
0,7,6,0,5,1,78
0,11,8,0,8,1,77
0,7,14,1,7,1,75
0,11,8,1,8,1,74
0,7,8,1,8,1,89
0,7,6,0,10,1,60
0,10,9,0,5,1,93
0,10,8,0.5,2,1,80
0,9,6,1,3,1,83
0,6,8,1,3,1,65
0,10,8,1,3,1,95
0,10,3,0,6,1,97
0,11,11,0.5,20,1,95
0,7,11,0.5,20,1,93
0,7,6,0,0,1,80
0,11,6,0,0,1,83
0,6,4,0,4,1,57
0,9,10,0,20,1,86
0,8,8,0,30,1,75
0,8,7,0,60,1,94
0,7,7,0,60,1,94
0,10,7,0,60,1,97
0,10,12,0,30,1,97
0,7,12,0,30,1,75
0,7,7,0,9,1,89
0,7,13,1,10,1,81
0,11,9,0,9,1,82
0,7,17,0,15,1,87
0,7,17,0,15,1,86
0,10,17,0,15,1,87
0,9,16,1,15,1,83
0,7,13,0,150,1,89
0,8,5,1,50,1,95
0,9,8,1,20,1,94
0,11,8,0,0,1,97
0,8,8,0,0,1,90
0,7,8,0,0,1,75
0,9,8,5,60,1,95
0,11,8,5,60,1,94
0,6,8,5,60,1,92
0,7,9,2,7,1,95
0,6,10,0,10,1,70
0,7,10,0,10,1,94
0,8,9,4,60,1,97
0,10,9,0,0,1,93
0,8,9,2,11,1,84
0,10,9,2,11,1,76
0,7,9,2,11,1,77
0,7,7,0,0,1,60
0,7,7,0,0,1,64
0,7,10,0,4,1,90
0,9,10,0,4,1,82
0,8,5,0,0,1,90
0,11,4,0,0,1,81
0,10,11,3,6,1,79
0,8,11,3,6,1,77
0,7,8,1,10,1,64
0,7,13,3,30,1,78
0,11,9,1,0,1,79
0,6,9,1,0,1,57
0,10,5,0,4,1,73
0,9,4,0,0,1,84
0,8,13,3,7,1,63
0,8,8,1,0,1,74
0,11,8,1,0,1,90
0,9,8,1,0,1,80
0,7,7,0,0,1,74
0,10,6,1,4,1,93
0,8,8,5,10,1,58
0,10,7,1,0,1,69
0,6,5,2,0,1,61
0,9,9,0.5,0,1,71
0,9,8,1,0,1,85
0,7,17,4,5,1,67
0,6,6,0,0,1,75
0,8,6,0,0,1,91
0,11,12,2,0,1,95
0,10,7,0,0,1,85
0,6,7,0,0,1,62
0,11,22,5,10,1,84
0,10,22,5,10,1,74
0,7,6,1,0,1,64
0,9,11,1,0,1,89
0,6,9,0,0,1,59
0,7,9,0,0,1,77
0,9,7,3,0,1,83
0,6,13,1,0,1,61
0,6,9,0,0,1,57
0,7,9,0,0,1,71
0,8,8,2,10,1,57
0,8,5,2,0,1,64
0,10,15,1,10,1,76
0,6,6,0.5,3,1,64
0,10,6,0.5,3,1,82
0,9,6,1,0,1,93
0,8,7,0,0,0,71
0,10,8,0,5,0,92
0,9,10,0,8,0,61
0,7,6,0,4,0,73
0,10,9,1,4,0,77
0,10,9,0,4,0,81
0,9,9,0,4,0,63
0,8,14,10,10,0,89
0,9,9,0,20,0,78
0,10,9,1,10,0,83
0,10,8,0,5,0,91
0,11,8,0.5,5,0,90
0,10,6,0,4,0,87
0,9,6,0,1,0,76
0,9,9,0,1,0,67
0,10,9,0,1,0,79
0,7,9,0,1,0,61
0,6,9,0,1,0,59
0,7,15,0,0,0,95
0,11,4,1,10,0,97
0,7,8,1,0,0,65
0,9,8,5,9,0,94
0,7,8,5,9,0,63
0,9,9,0,0,0,93
0,7,9,0,0,0,71
0,9,12,0.5,0,0,61
0,7,7,0.5,4,0,61
0,11,7,0.5,2,0,73
0,7,7,0.5,2,0,60
0,11,6,0.5,3,0,82
0,10,6,0,20,0,87
0,10,7,0,0,0,73
0,9,7,1,5,0,65
0,11,7,1,5,0,60
0,8,8,0,0,0,65
0,7,9,1,1,0,69
0,10,9,1,1,0,76
0,8,9,1,1,0,66
0,7,5,3,15,0,77
0,10,5,3,15,0,63
0,8,9,0,0,0,72
0,7,9,0,0,0,65
0,7,8,1,9,0,66
0,10,8,1,9,0,78
0,10,6,1,0,0,83
0,8,6,1,0,0,65
0,8,7,1,15,0,76
0,10,7,1,15,0,96
0,7,5,0,0,0,70
0,11,13,0,2,0,65
0,6,4,0,0,0,65
0,8,14,2,15,0,79
0,7,14,2,15,0,62
0,7,12,1,10,0,62
0,9,12,1,10,0,63
0,8,7,0,5,0,67
0,11,7,0,5,0,69
0,10,8,0,0,0,60
0,9,8,2,20,0,78
0,11,7,1,10,0,81
0,11,13,3,0,0,86
0,8,13,3,0,0,95
0,8,10,0,0,0,63
0,9,5,1,4,0,78
0,7,6,0,0,0,57
0,7,8,0,5,0,67
0,7,10,0,5,0,57
0,9,6,0,10,0,61
0,11,6,0,4,0,93
0,7,7,0,2,0,65
0,9,7,0,2,0,65
0,10,8,0,10,0,82
0,11,8,0,10,0,84
0,7,8,0,10,0,70
0,7,7,0,5,0,65
0,8,8,0,30,0,66
0,8,5,2,0,0,83
0,10,8,0,10,0,78
0,10,8,0,5,0,81
0,8,6,1,15,0,69
0,7,18,0,0,0,68
0,8,10,0,7,0,68
0,11,11,0,20,0,89
0,10,10,0,0,0,78
0,7,7,0.5,2,0,62
0,8,5,0,0,0,69
0,11,7,0.5,9,0,92
0,7,8,1,10,0,61
0,7,8,0,2,0,60
0,6,9,2,0,0,59
0,8,6,0,4,0,69
0,10,9,1,50,0,77
0,11,6,0,5,0,85
0,8,6,0,6,0,61
0,8,6,4,0,0,80
0,8,7,0,3,0,66
0,11,7,0,10,0,88
0,7,7,0,10,0,58
0,6,7,0,5,0,58
0,11,12,2,10,0,94
0,8,12,2,10,0,73
0,10,10,0.5,6,0,80
0,11,12,0.5,10,0,81
0,9,12,0.5,10,0,76
0,10,9,1,40,0,81
0,8,9,1,40,0,72
0,10,7,1,7,0,67
0,8,5,0,0,0,72
0,10,9,1,10,0,91
0,7,12,0.5,10,0,67
0,8,13,1,6,0,66
0,11,13,1,6,0,74
0,7,13,1,6,0,60
0,11,6,0,10,0,87
0,8,8,0.5,10,0,61
0,7,4,1,10,0,59
0,9,10,3,30,0,62
0,7,10,3,30,0,76
0,11,6,1,0,0,71
0,9,7,3,20,0,95
0,6,9,2,10,0,57
0,8,7,1,10,0,81
0,10,10,0,0,0,88
0,7,10,0,0,0,74
0,8,6,1,0,0,73
0,10,6,1,0,0,90
0,7,9,0,1,0,69
0,10,9,0,1,0,96
0,7,8,0,2,0,71
0,9,5,1,9,0,87
0,10,6,1,0,0,81
0,7,11,2,40,0,69
0,6,11,2,40,0,73
0,10,11,2,40,0,65
0,11,11,2,40,0,96
0,9,7,1,10,0,72
0,9,5,1,0,0,74
0,7,11,0.5,20,0,92
0,11,11,0.5,20,0,95
0,9,8,1,40,0,85
0,11,8,6,30,0,85
0,8,10,2,20,0,88
0,10,10,2,20,0,92
0,8,7,2,10,1,83
0,9,9,0,6,1,73
0,11,9,0,2,1,83
0,8,9,0,6,1,76
0,10,9,0,6,1,71
0,11,6,0,2,1,73
0,9,4,0,0,1,78
0,7,8,3,10,1,75
0,11,7,0,6,1,67
0,9,7,0,6,1,81
0,10,8,1.5,8,1,88
0,6,8,1.5,8,1,60
0,8,8,1.5,8,1,81
0,11,7,2,1,1,74
0,10,7,2,1,1,77
0,10,4,1,0,1,93
0,11,8,0,0,1,82
0,7,8,0,0,1,74
0,8,6,0,2,1,82
0,6,7,0,0,1,58
0,6,7,0,0,1,73
0,8,14,2,8,1,93
0,7,14,2,8,1,69
0,9,13,0,0,1,85
0,9,9,2,9,1,76
0,10,5,0,10,1,85
0,10,9,1,4,1,89
0,8,6,0,5,1,85
0,11,9,4,5,1,62
0,7,9,4,5,1,61
0,9,7,1,5,1,86
0,6,9,0,15,1,61
0,11,9,0,15,1,95
0,9,9,0,15,1,64
0,7,5,1,5,1,80
0,10,9,2,5,1,67
0,7,9,2,5,1,77
0,6,3,0.5,0,1,64
0,10,5,2,5,1,64
0,8,5,2,5,1,67
0,8,8,2,6,1,66
0,11,5,0,3,1,85
0,11,8,2,3,1,73
0,6,8,2,3,1,67
0,10,7,3,10,1,97
0,10,3,0.5,0,1,61
0,9,4,1,10,1,94
0,11,8,1,10,1,96
0,8,5,0.5,5,1,75
0,10,8,0.5,4,1,74
0,7,8,0.5,4,1,77
0,6,7,2,5,1,61
0,8,7,2,5,1,76
0,9,11,0.5,6,1,70
0,7,10,1,0,1,61
0,10,10,1,0,1,60
0,11,33,3,30,1,65
0,9,8,0,3,1,62
0,10,9,0,2,1,80
0,8,7,1,0,1,95
0,6,10,3,3,1,76
0,11,10,3,3,1,94
0,10,10,3,3,1,95
0,10,6,0,0,1,69
0,8,7,0,4,1,75
0,9,15,2,1,1,95
0,7,15,0.5,20,1,60
0,7,17,3,3,1,66
0,9,15,10,8,1,62
0,8,7,2,6,1,65
0,10,11,2,2,1,73
0,7,11,2,2,1,64
0,9,8,1,0,1,85
0,9,7,1,0,1,61
0,10,7,1,0,1,73
0,8,4,2,10,1,65
0,7,5,1,10,1,61
0,11,7,2,5,1,81
0,10,7,2,5,1,77
0,11,3,2,0,1,77
0,11,6,1.5,0,1,78
0,11,12,2,17,1,95
0,10,5,1,5,1,77
0,8,6,1,5,1,63
0,11,6,1,5,1,81
0,8,6,0.5,2,1,81
0,10,6,0.5,2,1,90
0,9,4,1,0,1,85
0,6,11,3,25,1,60
0,11,6,2,5,1,96
0,9,4,0,0,1,63
0,8,10,0,5,1,78
0,10,10,0,5,1,84
0,9,8,1,0,1,75
0,8,8,1,2,1,60
0,9,6,0,0,1,78
0,10,9,2,7,1,86
0,9,8,0,2,1,74
0,11,25,6,10,1,89
0,9,8,4,8,0,94
0,8,4,0,0,0,61
0,8,6,3,0,0,61
0,7,7,0,0,0,61
0,9,7,2,0,0,69
0,7,7,2,0,0,61
0,11,11,2,10,0,75
0,11,5,0,0,0,85
0,7,5,0,0,0,72
0,10,7,2,0,0,77
0,9,9,1,0,0,87
0,8,9,1,0,0,81
0,10,8,0,0,0,65
0,9,19,2,0,0,92
0,10,19,2,0,0,87
0,11,5,0,0,0,61
0,9,8,0.5,0,0,69
0,9,5,3,10,0,60
0,11,5,3,10,0,65
0,8,6,2,0,0,67
0,11,6,2,0,0,76
0,7,5,0.5,0,0,63
0,6,12,2,7,0,61
0,11,4,0,10,0,62
0,11,7,0,1,0,77
0,10,7,4,0,0,88
0,8,7,4,0,0,61
0,6,5,1,0,0,63
0,11,5,1,0,0,88
0,11,13,2,0,0,78
0,10,16,3,9,0,81
0,10,5,1,0,0,66
0,11,10,2,5,0,78
0,6,10,2,5,0,64
0,8,7,0,0,0,88
0,10,7,0,0,0,94
0,7,7,0,0,0,83
0,8,4,0,0,0,80
0,11,4,0,0,0,85
0,10,6,2,3,0,77
0,7,6,2,3,0,69
0,8,8,0,5,0,71
0,10,8,0,5,0,87
0,7,5,1,4,0,65
0,10,7,3,10,0,87
0,11,7,3,10,0,72
0,8,6,0,2,0,65
0,6,6,0,2,0,57
0,10,8,3,0,0,64
0,11,8,3,0,0,89
0,8,8,3,0,0,61
0,10,6,1,2,0,85
0,10,8,0.5,0,0,77
0,11,7,0,0,0,81
0,9,7,0,0,0,60
0,8,6,0,1,0,62
0,7,6,0,0,0,70
0,7,8,0,10,0,76
0,10,8,0,10,0,89
0,10,7,3,5,0,81
0,11,7,3,1,0,77
0,10,8,0.5,0,0,65
0,8,8,0.5,0,0,61
0,11,6,0,0,0,85
0,10,6,0,1,0,61
0,10,6,0,2,0,71
0,8,7,0,0,0,75
0,11,7,0,0,0,79
0,11,8,0.5,15,0,78
0,8,9,0,0,0,82
0,10,9,0,0,0,67
0,6,9,0,0,0,57
0,11,9,0,0,0,68
0,11,10,0,20,0,89
0,9,10,0,20,0,79
0,9,7,1,6,0,69
0,7,7,1,6,0,60
0,8,8,2,0,0,69
0,11,8,2,0,0,92
0,7,8,2,0,0,67
0,11,6,5,0,0,90
0,11,10,0.5,5,0,74
0,10,6,0,0,0,93
0,10,5,0,5,0,65
0,7,13,0,0,0,73
0,7,5,0,0,0,65
0,11,5,0,0,0,71
0,6,8,4,6,0,62
0,10,8,4,6,0,94
0,6,12,0,0,0,57
0,11,12,0,0,0,85
0,11,5,0,0,0,96
0,9,4,5,0,0,69
0,10,6,0,0,0,96
0,7,4,1,4,0,61
0,10,5,1,0,0,76
0,7,5,1,0,0,58
0,9,7,1,1,0,68
0,10,7,0,0,0,89
0,8,5,0,0,0,66
0,8,8,3,7,0,76
0,7,8,3,7,0,73
0,7,5,2,0,0,69
0,8,4,0,0,0,70
0,11,7,2,0,0,85
0,9,7,2,0,0,89
0,8,9,2,0,0,85
0,11,9,2,0,0,96
0,11,9,2,5,0,91
0,7,8,0,3,0,65
0,6,8,0,3,0,57
0,10,6,2,0,0,71
0,10,10,0,0,0,66
0,11,4,0,2,0,96
0,10,4,0,2,0,67
0,6,15,1,0,0,64
0,10,13,1,0,0,70
0,7,13,1,0,0,62
0,11,13,1,0,0,73
0,8,7,1,1,0,66
0,7,7,1,1,0,61
0,10,7,1,1,0,72
0,7,6,2,5,0,61
0,8,11,3,0,0,61
0,6,6,0.5,0,0,62
0,9,4,2,0,0,64
0,7,10,0,5,0,68
0,8,8,2,10,0,72
0,10,10,2,6,0,65
0,11,8,2,0,0,67
0,11,4,0,0,0,73
0,10,7,0.5,3,0,77
0,11,6,2,2,0,73
0,7,6,0.5,2,0,61
0,9,7,2,0,0,81
0,7,7,2,0,0,61
0,9,7,1.5,7,0,77
0,7,8,1,5,0,65
0,10,8,1,5,0,72
0,7,7,1,0,0,59
0,6,9,0.5,3,0,64
0,7,3,0.5,0,0,69
0,9,9,2,10,0,73
0,10,12,1,4,0,81
0,7,12,1,4,0,61
0,8,12,1,4,0,65
0,11,8,0,10,0,76
0,8,8,0,10,0,63
0,7,7,1,5,0,66
0,8,4,1,5,0,68
0,10,8,2,5,0,85
0,11,7,1,5,0,85
0,10,7,1,10,0,80
0,8,7,1,10,0,71
0,7,4,3,10,0,66
0,11,10,5,8,0,85
0,10,12,5,15,0,69
0,9,12,5,15,0,79
0,8,9,1,20,0,68
0,9,7,0,2,0,69
0,8,7,0,2,0,62
0,8,6,0.5,5,0,65
0,7,5,0.5,5,0,64
0,8,7,0,10,0,94
0,9,6,0,4,0,81
0,9,9,0.5,2,0,69
0,10,10,1,5,0,78
0,11,6,0,5,0,92
0,6,9,3,8,0,60
0,10,9,3,8,0,94
0,10,8,1.5,10,0,81
0,8,10,2,10,0,78
0,11,5,2,15,0,97
0,10,10,0.5,7,0,81
0,11,9,1,6,0,78
0,11,6,2,7,0,81
0,8,6,2,7,0,61
0,7,5,0,0,0,61
0,7,10,0.5,10,0,61
0,9,5,0.5,2,0,93
0,7,5,0.5,2,0,78
0,11,5,0.5,2,0,94
0,10,10,1,0,0,73
0,7,6,0.5,0,0,63
0,9,8,1,10,0,96
0,8,4,1.5,4,0,65
0,10,6,2.5,3,0,69
0,10,5,2,3,0,68
0,7,5,2,3,0,64
0,7,9,2,1,0,62
0,8,9,2,1,0,79
0,7,10,3,8,0,61
0,9,10,2,0,0,70
0,6,5,2,0,0,60
0,7,13,2,10,0,61
0,8,6,2,20,0,85
0,11,6,2,20,0,90
0,8,4,1,10,0,74
0,10,10,2,15,0,85
0,6,10,2,15,0,57
0,6,6,0,0,0,61
0,7,7,1,0,0,61
0,8,7,2,8,0,77
0,7,9,0.5,10,0,64
0,10,9,0.5,10,0,80
0,9,5,0.5,0,0,76
0,10,6,0.5,5,0,71
0,8,6,0,0,0,60
0,10,9,1,10,0,77
0,6,9,1,10,0,58
0,9,7,0.5,0,0,72
0,7,7,0.5,0,0,57
1,8,8,1,10,1,90
1,6,8,1,10,1,67
1,11,2,0,8,1,79
1,9,10,2,0,1,77
1,8,10,2,0,1,73
1,7,11,1,30,1,69
1,8,8,1,0,1,86
1,7,8,1,0,1,81
1,8,7,0,20,1,79
1,10,6,0,10,1,85
1,10,10,0,10,1,94
1,7,5,1,10,1,65
1,7,7,1,0,1,68
1,7,8,0,0,1,61
1,8,8,2,3,1,90
1,11,10,0,0,1,94
1,9,10,0,0,1,87
1,10,7,1,10,1,63
1,8,13,1,20,1,75
1,10,13,1,20,1,78
1,10,8,0,0,1,89
1,8,9,1,9,1,73
1,9,6,2,5,1,64
1,10,5,1,5,1,65
1,11,8,0,0,1,91
1,9,8,0,0,1,96
1,7,7,0,4,1,74
1,10,7,0,4,1,72
1,11,12,3,5,1,86
1,6,6,0,2,1,60
1,7,5,1,0,1,63
1,8,8,3,0,1,60
1,9,10,1,5,1,79
1,9,11,1,10,1,81
1,8,10,1,10,1,75
1,10,10,1,10,1,78
1,9,18,0,0,1,86
1,8,18,0,0,1,81
1,7,7,0.5,7,1,59
1,9,9,2,11,1,73
1,10,10,1,40,1,65
1,9,6,1,3,1,62
1,10,7,0,0,1,77
1,7,7,0,0,1,60
1,10,7,0.5,0,1,63
1,7,7,0.5,0,1,58
1,7,10,1,6,1,67
1,11,5,0,2,1,64
1,11,9,3,0,1,81
1,8,9,3,0,1,68
1,6,9,3,0,1,61
1,7,10,0.5,7,1,75
1,11,11,1,30,1,97
1,6,11,1,30,1,74
1,6,10,2,10,1,60
1,10,8,0,0,1,73
1,7,7,1,2,1,60
1,10,7,1,2,1,80
1,8,8,1,10,1,77
1,8,7,2,20,1,89
1,6,7,1,0,1,62
1,9,9,1,0,1,73
1,11,9,1,0,1,82
1,9,8,0,7,1,67
1,8,8,0,7,1,61
1,7,9,0.5,0,1,77
1,10,6,1,0,1,83
1,7,10,1,20,1,73
1,11,10,1,20,1,80
1,7,5,0,0,1,57
1,11,9,1,10,1,79
1,8,14,5,40,1,59
1,8,14,5,40,1,73
1,7,9,0,0,1,72
1,11,10,0.5,0,1,77
1,7,6,0,0,1,60
1,6,9,1,2,1,77
1,8,9,1,2,1,79
1,9,12,1,10,1,85
1,8,12,1,10,1,60
1,9,12,1,10,1,75
1,10,12,1,10,1,82
1,10,7,3,3,1,90
1,9,4,0,3,1,94
1,11,7,4,15,1,92
1,7,20,0,5,1,70
1,9,20,0,5,1,89
1,7,8,0,10,1,64
1,9,7,0.5,0,1,62
1,7,15,10,60,1,57
1,9,15,10,60,1,88
1,11,15,10,60,1,85
1,7,9,1,10,1,65
1,10,12,1,10,1,69
1,10,8,1,10,1,67
1,11,8,1,10,1,73
1,11,6,1,4,1,64
1,9,15,1,10,1,85
1,11,15,1,10,1,87
1,10,15,1,10,1,88
1,8,8,2,40,1,78
1,11,20,2,40,1,84
1,9,20,2,40,1,76
1,6,20,2,40,1,58
1,7,6,1,7,1,69
1,7,8,1,10,1,67
1,7,15,0,10,1,73
1,11,15,0,10,1,91
1,11,8,1,10,1,88
1,9,8,1,10,1,74
1,10,5,0.5,4,1,83
1,10,8,0.5,4,1,73
1,10,10,0.5,4,1,88
1,11,8,1,10,1,73
1,9,8,1,10,1,66
1,10,5,5,20,1,77
1,8,15,0,0,1,82
1,8,15,0,0,1,77
1,9,9,1,10,1,79
1,8,6,1,15,1,86
1,10,9,1,0,1,87
1,8,7,0.5,9,1,81
1,7,7,0.5,9,1,71
1,11,7,1,7,1,81
1,7,15,0,4,1,79
1,9,15,0,0,1,68
1,10,15,0,0,1,77
1,8,11,1.5,5,1,90
1,10,13,1,20,1,93
1,10,9,0,10,1,90
1,9,9,0,10,1,87
1,6,9,1,20,1,60
1,10,8,0,0,1,83
1,11,9,3,11,1,90
1,9,8,3,16,1,79
1,7,8,0,6,1,81
1,11,11,0,0,1,72
1,6,9,1,0,1,72
1,8,11,0,10,1,65
1,10,11,0,10,1,96
1,9,8,0.5,0,1,77
1,7,8,0.5,0,1,60
1,6,7,1,6,1,61
1,7,8,1,20,1,61
1,9,6,1,0,1,88
1,10,6,2,10,1,80
1,7,12,1,3,1,78
1,9,10,1,7,1,65
1,7,5,0,0,1,60
1,7,6,0,0,1,71
1,8,8,0,10,1,86
1,9,6,0,5,1,80
1,8,8,0,8,1,73
1,7,8,0,8,1,57
1,6,9,1,10,1,73
1,7,9,1,10,1,81
1,10,9,1,10,1,60
1,9,8,1,8,1,89
1,9,8,0,8,1,63
1,10,6,0,0,1,69
1,7,8,0.5,2,1,65
1,9,8,0.5,2,1,85
1,8,3,0,6,1,66
1,9,6,0,0,1,80
1,9,5,0,2,1,81
1,8,10,0,20,1,65
1,8,12,0,30,1,64
1,9,7,0,9,1,93
1,8,13,1,10,1,73
1,7,9,0,9,1,75
1,8,17,0,15,1,73
1,10,17,0,15,1,80
1,8,13,0,150,1,90
1,11,13,0,150,1,97
1,11,5,1,50,1,95
1,6,5,1,50,1,63
1,7,8,1,20,1,67
1,11,8,1,20,1,79
1,6,8,1,20,1,61
1,9,7,5,30,1,74
1,9,7,0,10,1,93
1,7,7,0,10,1,90
1,9,9,2,7,1,93
1,6,9,2,7,1,88
1,7,10,0,10,1,64
1,8,10,0,10,1,63
1,6,9,4,60,1,67
1,10,20,5,40,1,78
1,7,20,5,40,1,83
1,10,20,5,40,1,82
1,9,9,0,0,1,83
1,6,9,0,0,1,62
1,7,6,1,0,1,73
1,9,6,1,0,1,88
1,9,7,0,0,1,62
1,11,7,0,0,1,72
1,11,7,0,0,1,75
1,11,10,0,4,1,93
1,11,16,1,0,1,69
1,8,16,1,0,1,73
1,7,16,1,0,1,61
1,8,16,1,0,1,65
1,9,16,1,0,1,93
1,7,11,2,0,1,77
1,6,11,2,0,1,62
1,11,4,0,0,1,62
1,7,13,1,7,1,62
1,10,13,1,7,1,75
1,8,13,1,7,1,77
1,7,4,1,0,1,58
1,11,11,3,6,1,65
1,7,11,3,6,1,69
1,7,13,3,30,1,65
1,10,13,3,30,1,81
1,8,9,1,0,1,73
1,8,5,1,10,1,65
1,10,5,1,10,1,79
1,6,4,0,0,1,60
1,7,13,3,7,1,85
1,6,13,3,7,1,57
1,11,13,3,7,1,59
1,10,7,0,0,1,81
1,10,8,5,10,1,85
1,10,8,2,4,1,85
1,6,7,1,0,1,57
1,11,8,1,0,1,81
1,8,17,4,5,1,65
1,9,6,2,0,1,64
1,10,6,2,0,1,67
1,8,5,1,0,1,72
1,6,6,0.5,10,1,65
1,8,6,0.5,10,1,81
1,11,6,0,0,1,82
1,8,12,2,0,1,81
1,6,12,2,0,1,64
1,11,9,1,0,1,82
1,6,9,1,0,1,61
1,8,9,1,0,1,85
1,8,6,0,1,1,77
1,8,5,3,10,1,67
1,11,6,1,10,1,66
1,11,5,0,0,1,91
1,11,22,5,10,1,73
1,10,9,0,0,1,84
1,6,7,3,0,1,65
1,11,8,2,10,1,81
1,10,8,2,10,1,62
1,9,10,0,3,1,79
1,7,10,0,3,1,57
1,6,5,2,0,1,59
1,7,15,1,10,1,85
1,10,15,1,10,1,90
1,11,15,1,10,1,77
1,7,7,0,0,0,58
1,6,8,0,5,0,62
1,8,8,0,5,0,65
1,8,8,0,10,0,66
1,6,8,0,10,0,62
1,10,10,0,8,0,67
1,9,9,1,4,0,60
1,7,9,0,4,0,69
1,6,9,0,4,0,57
1,10,14,10,10,0,81
1,6,14,10,10,0,58
1,8,9,0,20,0,61
1,6,9,0,20,0,60
1,7,6,0,5,0,66
1,11,9,1,10,0,79
1,6,5,0,60,0,57
1,7,6,1,10,0,63
1,7,7,3,0.5,0,66
1,8,3,1,3,0,64
1,8,8,0,5,0,68
1,10,14,0,0,0,68
1,8,14,0,0,0,61
1,6,6,0,1,0,60
1,11,6,0,5,0,69
1,8,9,0,1,0,64
1,10,4,1,0,0,62
1,9,12,6,0,0,62
1,10,10,3,0,0,61
1,8,10,0,0,0,60
1,11,10,0,0,0,65
1,6,8,5,9,0,63
1,11,8,5,9,0,73
1,7,4,1,0,0,57
1,9,7,0.5,2,0,73
1,11,10,2,3,0,67
1,9,8,0,0,0,62
1,7,3,0,0,0,57
1,11,6,0,20,0,65
1,9,7,0,0,0,64
1,7,8,1,5,0,68
1,9,8,0,0,0,58
1,11,9,1,1,0,65
1,10,5,1,9,0,63
1,7,5,1,5,0,64
1,10,4,0,0,0,63
1,10,7,10,0,0,65
1,7,7,10,0,0,57
1,11,7,10,0,0,62
1,10,8,5,10,0,62
1,8,8,2,10,0,61
1,7,10,1,10,0,67
1,9,10,1,10,0,67
1,11,10,1,10,0,65
1,7,7,1,15,0,61
1,6,13,0,2,0,62
1,7,13,0,2,0,65
1,11,8,0.5,10,0,65
1,7,8,0.5,10,0,61
1,11,6,0.5,3,0,80
1,10,6,0.5,3,0,80
1,10,14,2,15,0,85
1,7,7,0,5,0,84
1,9,8,0,0,0,63
1,7,8,0,0,0,61
1,9,7,1,10,0,73
1,6,7,1,10,0,63
1,6,13,3,0,0,71
1,8,13,3,0,0,69
1,10,10,0,0,0,64
1,7,7,0,5,0,60
1,9,7,0,5,0,60
1,9,8,0,5,0,61
1,6,5,0,0,0,58
1,8,6,0,4,0,65
1,10,7,0,4,0,81
1,7,7,0,4,0,57
1,11,8,0,30,0,81
1,7,8,0,5,0,61
1,9,18,0,0,0,85
1,8,18,0,0,0,84
1,11,18,0,0,0,70
1,9,10,0,7,0,68
1,11,10,0,7,0,75
1,10,11,0,20,0,89
1,7,11,0,20,0,63
1,7,10,0,0,0,65
1,8,7,0.5,2,0,69
1,7,4,1,0,0,64
1,9,6,2,20,0,57
1,7,6,0,10,0,67
1,9,6,0,2,0,81
1,7,6,0,2,0,61
1,7,4,1,5,0,64
1,8,8,0,2,0,69
1,8,9,2,0,0,63
1,10,9,2,0,0,81
1,7,9,1,50,0,66
1,9,6,0,5,0,61
1,11,6,4,0,0,81
1,7,7,0,8,0,61
1,11,7,0,8,0,67
1,7,5,0,0,0,63
1,7,7,0,5,0,68
1,10,7,0,5,0,69
1,10,10,0,5,0,72
1,11,5,1,70,0,83
1,10,7,0,3,0,64
1,6,12,1,2,0,65
1,8,12,1,2,0,73
1,10,12,1,2,0,63
1,10,7,0,5,0,73
1,6,12,2,10,0,61
1,8,6,1,10,0,87
1,11,10,0.5,6,0,86
1,6,10,0.5,6,0,68
1,6,15,1,20,0,69
1,10,15,1,20,0,73
1,11,7,1,7,0,81
1,7,10,0,2,0,73
1,10,8,0,10,0,67
1,8,8,0,10,0,62
1,9,9,1,10,0,83
1,9,13,1,6,0,75
1,7,5,0,7,0,61
1,7,7,1,10,0,67
1,10,7,1,10,0,85
1,10,10,3,30,0,74
1,10,6,1,0,0,68
1,11,7,3,20,0,82
1,7,7,3,20,0,64
1,7,9,0,10,0,59
1,9,9,2,10,0,65
1,9,9,2,10,0,65
1,6,5,0.5,1,0,59
1,7,7,1,10,0,66
1,10,7,1,10,0,70
1,8,10,0,0,0,62
1,11,14,3,10,0,64
1,10,14,3,10,0,74
1,10,14,3,10,0,60
1,8,9,0,1,0,77
1,9,7,1.5,10,0,69
1,11,8,1,10,0,72
1,7,8,1,10,0,73
1,9,6,1,0,0,80
1,8,11,2,40,0,69
1,10,7,1,10,0,57
1,7,5,1,0,0,59
1,9,8,1,10,0,65
1,7,8,1,10,0,61
1,6,8,0,0,0,60
1,6,8,0,10,0,60
1,8,8,0,10,0,68
1,10,8,0,10,0,79
1,9,11,0.5,20,0,68
1,8,8,1,40,0,65
1,6,8,6,30,0,60
1,11,10,2,20,0,73
1,6,10,2,20,0,57
1,11,7,2,10,1,92
1,7,9,0,6,1,64
1,10,9,0,6,1,76
1,7,9,0,2,1,65
1,7,9,0,6,1,63
1,9,6,0,2,1,75
1,7,7,0,10,1,57
1,10,7,0,10,1,88
1,7,9,1,3,1,66
1,9,9,1,3,1,69
1,8,8,3,10,1,70
1,8,8,2,10,1,62
1,9,7,1,10,1,76
1,9,8,2,10,1,63
1,10,5,1,4,1,79
1,10,5,0,0,1,63
1,8,7,2,4,1,77
1,10,7,2,4,1,82
1,9,7,0,0,1,82
1,7,10,4,0,1,65
1,10,14,2,8,1,86
1,10,5,2,5,1,77
1,7,11,0,3,1,65
1,7,9,2,9,1,73
1,8,6,1.5,5,1,78
1,11,9,1,4,1,91
1,11,9,0,3,1,89
1,8,9,0,3,1,73
1,10,9,0,3,1,85
1,NA,10,0,3,1,87
1,9,10,0,3,1,79
1,7,10,0,3,1,59
1,11,3,1,3,1,77
1,9,8,0.5,3,1,81
1,7,8,0.5,3,1,61
1,8,5,1,2,1,79
1,11,6,0,2,1,82
1,7,6,1,4,1,72
1,7,7,1,5,1,60
1,7,6,5,50,1,60
1,7,9,0,15,1,80
1,9,5,1,5,1,81
1,8,7,0,4,1,65
1,8,10,1,7,1,83
1,11,4,1,0,1,76
1,9,8,3,3,1,88
1,10,8,2,6,1,74
1,11,8,2,6,1,66
1,11,11,1,0,1,76
1,8,11,1,0,1,65
1,9,8,0,3,1,74
1,11,8,0,3,1,76
1,9,8,2,3,1,80
1,8,7,3,10,1,75
1,10,6,2,4,1,82
1,8,8,1,2,1,65
1,11,4,1,10,1,92
1,7,8,1,10,1,65
1,6,8,0.5,4,1,61
1,10,7,2,5,1,91
1,11,11,0.5,6,1,85
1,11,10,1,0,1,77
1,10,33,3,30,1,89
1,8,33,3,30,1,73
1,11,8,0,3,1,90
1,7,4,0,0,1,60
1,7,9,0,2,1,60
1,10,7,1,0,1,94
1,8,10,3,3,1,82
1,7,6,0,0,1,65
1,7,7,0,4,1,63
1,10,15,2,1,1,90
1,7,10,3,10,1,64
1,11,15,0.5,20,1,73
1,8,17,3,3,1,77
1,9,9,2,3,1,65
1,10,9,2,3,1,81
1,9,15,10,8,1,60
1,9,10,0.5,0,1,60
1,10,7,2,6,1,70
1,7,6,1.5,0,1,64
1,10,12,2,17,1,81
1,9,12,2,17,1,81
1,11,6,0.5,2,1,91
1,8,11,3,25,1,61
1,10,11,0,2,1,89
1,6,11,0,2,1,60
1,7,6,2,5,1,60
1,7,10,0,5,1,62
1,7,6,2,4,1,87
1,11,8,1,2,1,78
1,7,6,0,0,1,71
1,7,5,0.5,0,0,61
1,11,8,4,8,0,67
1,11,4,0,0,0,69
1,9,7,0,0,0,61
1,9,7,2,0,0,64
1,7,8,3,0,0,58
1,11,9,1,0,0,89
1,7,8,0,0,0,65
1,9,8,0,0,0,65
1,8,19,2,0,0,61
1,7,8,0.5,0,0,60
1,8,12,1,4,0,66
1,7,6,0,2,0,66
1,11,5,0,0,0,72
1,9,7,0,0,0,82
1,8,12,2,7,0,64
1,7,7,0,1,0,60
1,10,7,0,1,0,69
1,11,5,3,1,0,68
1,8,13,2,0,0,65
1,10,13,2,0,0,66
1,10,5,0.5,6,0,65
1,10,8,1,9,0,62
1,9,10,0,6,0,60
1,10,10,0,6,0,60
1,7,3,0,6,0,60
1,8,10,2,5,0,62
1,11,7,0,0,0,93
1,9,15,0,7,0,77
1,7,8,0,5,0,60
1,10,5,1,4,0,65
1,6,7,3,10,0,68
1,8,7,3,10,0,73
1,11,4,3,10,0,83
1,7,6,1,2,0,65
1,6,8,0.5,0,0,62
1,8,8,0.5,0,0,65
1,9,3,4,10,0,69
1,8,7,3,13,0,62
1,8,7,3,5,0,63
1,7,6,0,1,0,60
1,7,6,0,2,0,60
1,10,7,0,1,0,78
1,10,7,0,0,0,67
1,7,8,0.5,15,0,62
1,7,10,0,20,0,62
1,11,7,1,6,0,62
1,7,6,0,0,0,59
1,9,6,0,0,0,65
1,7,11,3,5,0,61
1,9,11,3,5,0,62
1,9,4,1,0,0,74
1,8,10,0.5,5,0,64
1,10,10,0.5,5,0,65
1,7,6,0,0,0,81
1,10,15,0,7,0,79
1,11,15,0,7,0,78
1,7,13,0,0,0,77
1,8,6,0,0,0,74
1,9,12,0,0,0,64
1,8,12,0,0,0,63
1,6,7,0,0,0,63
1,7,6,0,0,0,63
1,8,7,0,0,0,73
1,10,8,2,0,0,80
1,9,8,2,0,0,84
1,9,8,3,7,0,65
1,9,7,1,0,0,60
1,7,7,2,0,0,61
1,6,4,1,0,0,57
1,10,9,2,0,0,77
1,8,6,0,1,0,67
1,11,6,0,1,0,77
1,9,4,0.5,5,0,64
1,8,10,0,0,0,61
1,7,15,1,0,0,65
1,10,15,1,0,0,78
1,8,7,1,5,0,62
1,7,6,0.5,0,0,65
1,9,6,2,5,0,61
1,9,8,2,0,0,65
1,11,8,2,0,0,69
1,7,8,2,0,0,62
1,8,6,0.5,0,0,65
1,10,10,0,5,0,63
1,7,5,1,5,0,67
1,8,6,2,0,0,67
1,9,5,0,0,0,69
1,8,8,1,4,0,61
1,11,6,1,15,0,60
1,10,7,0,0,0,58
1,9,10,0,10,0,57
1,11,8,2,10,0,63
1,9,8,0,0,0,67
1,6,4,0,0,0,57
1,11,6,2,5,0,64
1,8,6,2,5,0,60
1,9,6,2,2,0,63
1,9,3,0.5,0,0,76
1,9,6,0.5,2,0,64
1,11,4,1,3,0,66
1,7,10,2,5,0,63
1,8,10,2,5,0,71
1,7,6,0.5,2,0,62
1,10,7,1,0,0,61
1,7,5,0,0,0,71
1,9,5,0,0,0,68
1,8,9,0.5,3,0,67
1,11,9,0.5,3,0,81
1,10,5,0.5,10,0,70
1,8,9,2,10,0,64
1,10,12,1,4,0,73
1,10,7,1,5,0,67
1,8,3,0,5,0,60
1,11,9,1,10,0,71
1,6,9,1,10,0,62
1,7,9,1,10,0,67
1,10,9,1,10,0,64
1,9,8,2,5,0,62
1,6,8,2,5,0,62
1,8,12,4,25,0,67
1,7,12,4,25,0,62
1,11,12,4,25,0,66
1,7,10,5,8,0,64
1,11,10,5,8,0,68
1,8,10,5,8,0,67
1,11,12,5,15,0,78
1,8,7,0,0,0,61
1,8,14,2,25,0,65
1,11,6,0.5,5,0,64
1,8,5,0.5,2,0,64
1,10,6,2,0,0,65
1,11,9,0.5,2,0,65
1,7,7,2,10,0,63
1,8,7,1,5,0,63
1,10,7,1,5,0,66
1,10,6,1,4,0,71
1,8,6,1,4,0,70
1,11,6,0,6,0,67
1,7,10,1,5,0,67
1,6,6,0,5,0,60
1,7,9,3,8,0,60
1,7,10,2,10,0,60
1,6,10,2,10,0,60
1,10,10,2,10,0,68
1,8,10,2,10,0,66
1,10,3,1,3,0,63
1,10,8,0,15,0,75
1,7,10,0.5,7,0,58
1,7,9,1,6,0,60
1,7,6,1,3,0,63
1,10,5,1,3,0,76
1,8,9,3,8,0,57
1,8,6,2,2,0,65
1,8,8,1,4,0,61
1,6,8,1,4,0,61
1,10,8,1,4,0,62
1,8,3,1,4,0,61
1,10,10,0.5,10,0,64
1,8,10,1,0,0,64
1,7,10,1,0,0,62
1,7,8,1,10,0,64
1,10,8,1,10,0,69
1,7,9,1,3,0,61
1,9,9,1,3,0,60
1,8,10,3,8,0,61
1,10,10,3,8,0,64
1,7,3,0,0,0,61
1,8,10,2,0,0,62
1,6,4,1.5,3,0,61
1,11,13,2,10,0,60
1,8,13,2,10,0,60
1,8,10,2,15,0,60
1,8,6,0,0,0,62
1,10,7,1,0,0,63
1,8,7,1,0,0,61
1,8,7,1,7,0,64
1,6,9,1,4,0,60
1,8,9,1,4,0,60
1,6,5,0.5,0,0,61
1,9,8,2,0,0,62
1,8,9,1,10,0,61
1,7,5,0.5,3,0,57
