HouseholdSize,Adults_D,H2O_Cost,Under17,Child1_D,Barcode_ID,Has_Barcode
12,2,0,0,NA,NA,No
3,0,0,0,NA,110101,Yes
NA,2,0,0,NA,110102,Yes
2,0,0,0,NA,110103,Yes
4,0,0,0,NA,110104,Yes
1,0,0,0,NA,110105,Yes
6,0,0,0,NA,110106,Yes
2,0,0,1,0,110107,Yes
3,0,0,2,5,110108,Yes
1,0,0,1,0,110109,Yes
3,0,0,0,NA,110110,Yes
3,0,0,1,0,110111,Yes
2,0,0,0,NA,110112,Yes
5,0,0,7,0,110113,Yes
2,0,0,0,NA,110114,Yes
2,2,15,0,NA,NA,No
9,2,20,0,NA,NA,No
2,2,20,0,NA,NA,No
2,2,15,0,NA,NA,No
2,2,20,0,NA,NA,No
2,0,0,2,0,125196,Yes
2,0,0,4,0,125197,Yes
2,0,0,3,0,125199,Yes
2,0,0,2,0,125200,Yes
3,0,0,3,0,125201,Yes
2,0,0,1,0,125202,Yes
3,0,0,0,NA,125203,Yes
2,0,0,1,0,125205,Yes
2,0,0,5,0,125198,Yes
2,0,0,2,0,100956,Yes
5,0,0,2,0,101561,Yes
5,0,0,2,0,100546,No
3,0,0,0,NA,10102,No
2,0,0,0,NA,10107,No
2,0,0,1,0,10114,No
3,0,0,2,0,100998,No
1,0,0,0,NA,101161,No
2,0,0,1,0,100934,Yes
2,0,0,1,0,100947,Yes
1,0,0,0,NA,100966,Yes
3,0,0,1,0,100974,Yes
2,0,0,2,0,100975,Yes
3,0,0,1,0,100976,Yes
1,0,0,0,NA,100977,Yes
2,0,0,3,0,100978,Yes
5,0,0,1,0,100979,Yes
1,0,0,0,NA,100980,Yes
2,0,0,2,0,100981,Yes
2,0,0,4,0,100982,Yes
1,0,0,0,NA,100983,Yes
2,0,0,0,NA,100984,Yes
2,0,0,0,NA,100985,Yes
2,0,0,2,0,100987,Yes
3,0,0,3,0,100988,Yes
3,0,0,3,0,100989,Yes
2,2,0,0,NA,100990,Yes
2,0,0,0,NA,100991,Yes
3,0,0,NA,NA,100992,Yes
3,0,0,1,0,100993,Yes
2,0,0,2,0,100994,Yes
2,0,0,3,0,100996,Yes
2,0,0,1,0,100997,Yes
2,0,0,3,0,100999,Yes
3,0,0,0,NA,101000,Yes
2,0,0,1,0,101001,Yes
2,0,0,5,0,101002,Yes
2,0,0,1,0,101003,Yes
2,0,0,1,NA,101004,Yes
2,0,0,0,NA,101005,Yes
2,0,0,1,0,101006,Yes
2,0,0,4,0,101007,Yes
2,0,0,1,0,101009,Yes
2,0,0,0,NA,101010,Yes
1,0,0,0,NA,101011,Yes
2,0,0,3,0,101012,Yes
2,0,0,4,0,101013,Yes
3,0,0,4,0,101015,Yes
2,0,0,3,0,101016,Yes
2,0,0,1,0,101017,Yes
2,0,0,1,0,101018,Yes
3,2,0,1,0,101019,Yes
2,0,0,1,0,101022,Yes
1,0,0,0,NA,101024,Yes
2,0,0,1,0,101029,Yes
2,0,0,0,NA,101034,Yes
3,0,0,3,0,101037,Yes
3,0,0,0,NA,101039,Yes
2,1,0,1,0,101046,Yes
3,0,0,3,0,101047,Yes
3,0,0,2,0,101062,Yes
3,0,0,3,0,101063,Yes
2,0,0,1,0,101066,Yes
2,0,0,4,0,101067,Yes
2,0,0,0,NA,101069,Yes
3,0,0,4,0,101073,Yes
2,0,0,0,NA,101086,Yes
2,0,0,1,0,101129,Yes
3,0,0,3,0,101140,Yes
3,0,0,1,0,101143,Yes
2,0,0,4,0,101151,Yes
2,0,0,0,NA,101154,Yes
3,0,0,3,0,101155,Yes
3,0,0,0,NA,101157,Yes
2,0,0,3,0,101158,Yes
1,0,0,0,NA,101159,Yes
4,0,0,1,0,101160,Yes
3,0,0,1,0,101163,Yes
3,0,0,0,NA,101165,Yes
1,0,0,0,NA,101166,Yes
4,0,0,1,0,101167,Yes
2,0,0,0,NA,101168,Yes
3,0,0,2,0,101169,Yes
2,0,0,2,0,101170,Yes
NA,0,0,0,NA,101171,Yes
1,1,0,1,0,101172,Yes
2,0,0,3,0,101174,Yes
2,0,0,3,0,101052,Yes
1,0,0,0,NA,125107,Yes
2,0,0,1,4,125109,Yes
2,NA,0,3,0,125108,Yes
2,0,0,3,0,100520,No
1,0,0,0,NA,101161,No
2,0,0,1,0,101567,No
3,0,0,2,0,101567,No
5,0,0,2,0,101519,Yes
2,0,0,2,0,101521,Yes
2,0,0,0,NA,101522,Yes
3,0,0,3,0,101524,Yes
4,0,0,7,0,101526,Yes
2,0,0,4,0,101527,Yes
3,0,0,0,NA,101529,Yes
2,0,0,0,NA,101530,Yes
3,0,0,2,0,101531,Yes
4,0,0,0,NA,101532,Yes
4,0,0,0,NA,101534,Yes
3,0,0,1,0,101537,Yes
5,0,0,1,0,101539,Yes
5,0,0,1,0,101540,Yes
1,0,0,0,NA,101541,Yes
4,0,0,0,NA,101542,Yes
4,0,0,0,NA,101544,Yes
3,0,0,1,0,101545,Yes
2,0,0,0,NA,101548,Yes
2,0,0,0,NA,101549,Yes
3,0,0,1,0,101550,Yes
2,0,0,0,NA,101551,Yes
2,0,0,0,NA,101552,Yes
2,0,0,4,0,101553,Yes
2,0,0,3,0,101554,Yes
4,0,0,1,0,101556,Yes
4,0,0,1,0,101557,Yes
3,0,0,1,0,101558,Yes
2,0,0,1,0,101559,Yes
4,0,0,2,0,101560,Yes
5,0,0,0,NA,101562,Yes
3,0,0,3,0,101563,Yes
4,0,0,2,0,101564,Yes
2,0,0,3,0,101565,Yes
2,0,0,1,0,101566,Yes
2,0,0,1,0,101569,Yes
2,0,0,5,0,101572,Yes
1,0,0,0,NA,101573,Yes
2,0,0,0,NA,101575,Yes
2,0,0,5,0,101577,Yes
2,0,0,0,NA,101579,Yes
2,0,0,1,0,101580,Yes
4,0,0,0,NA,101581,Yes
3,0,0,4,0,101582,Yes
2,0,0,0,NA,101583,Yes
5,0,0,2,0,101585,Yes
3,0,0,3,0,101586,Yes
6,0,0,2,0,101590,Yes
2,0,0,3,0,101591,Yes
2,0,0,3,0,101592,Yes
3,0,0,4,0,101596,Yes
4,0,0,2,0,101597,Yes
4,0,0,4,0,101598,Yes
3,0,0,3,0,101600,Yes
2,0,NA,2,0,101601,Yes
2,0,0,0,NA,101602,Yes
4,0,0,4,0,101603,Yes
2,0,0,5,0,101605,Yes
2,0,0,2,0,101606,Yes
5,0,0,2,0,101607,Yes
5,0,0,5,0,101609,Yes
3,0,0,0,NA,101610,Yes
1,0,0,0,NA,101611,Yes
2,0,0,4,0,101612,Yes
3,0,0,1,13,101613,Yes
2,0,0,1,0,101516,Yes
3,0,0,1,0,101525,Yes
3,0,0,3,0,101528,Yes
3,0,0,0,NA,101533,Yes
4,0,0,2,0,101535,Yes
1,0,0,0,NA,101536,Yes
2,0,0,1,0,101538,Yes
1,0,0,0,NA,101547,Yes
2,0,0,1,0,101555,Yes
4,0,0,5,0,101571,Yes
3,0,0,2,0,101574,Yes
3,0,0,2,0,101578,Yes
2,0,0,2,0,101584,Yes
4,0,0,4,0,101587,Yes
4,0,0,0,NA,101588,Yes
4,0,0,1,2,101589,Yes
2,0,0,1,0,101593,Yes
1,0,0,0,NA,101604,Yes
1,0,0,0,NA,101614,Yes
4,0,0,1,0,101615,Yes
2,NA,50,2,NA,201666,No
2,0,15,1,0,201601,No
2,0,0,0,NA,125090,Yes
2,0,0,2,0,101187,Yes
3,0,0,1,0,101189,Yes
2,0,0,0,NA,101191,Yes
2,0,0,0,NA,101195,Yes
3,0,0,1,0,101218,Yes
3,0,0,3,0,101479,Yes
2,0,0,2,0,101481,Yes
2,0,0,2,0,101486,Yes
2,0,0,0,NA,101487,Yes
3,0,0,0,NA,101489,Yes
2,0,0,2,0,101490,Yes
2,0,0,2,0,101491,Yes
4,0,0,0,NA,101495,Yes
5,0,0,1,0,101497,Yes
5,0,0,3,0,101499,Yes
2,0,0,4,0,101500,Yes
6,0,0,0,NA,101503,Yes
2,0,0,0,NA,101504,Yes
5,0,0,5,0,101505,Yes
4,0,0,0,NA,101506,Yes
2,0,0,2,0,101508,Yes
5,0,0,1,0,101510,Yes
4,0,0,3,0,101512,Yes
5,0,0,1,0,101513,Yes
2,0,0,0,NA,101515,Yes
3,0,0,0,NA,10197,No
4,0,0,4,0,101183,Yes
2,0,0,0,NA,101185,Yes
4,0,0,0,NA,101210,Yes
4,0,0,3,0,101482,Yes
4,1,0,0,NA,101483,Yes
2,0,0,3,0,101492,Yes
2,0,0,4,0,101493,Yes
3,0,0,3,0,101501,Yes
3,0,0,2,0,101502,Yes
5,1,0,0,NA,101507,Yes
1,0,0,0,NA,101101484,No
3,0,0,1,0,101177,Yes
1,0,0,0,NA,101201,Yes
5,0,0,1,0,101480,Yes
5,0,0,1,0,101485,Yes
6,0,0,4,0,101488,Yes
3,0,0,2,0,101494,Yes
3,0,0,0,NA,101496,Yes
2,0,0,3,0,101498,Yes
5,0,0,2,0,101509,Yes
4,0,0,0,NA,101511,Yes
5,NA,50,1,NA,201652,No
2,NA,50,1,NA,201665,No
1,NA,NA,NA,NA,201671,No
3,NA,30,1,NA,201654,No
2,0,60,NA,NA,201651,No
6,0,20,1,0,63,No
4,0,0,NA,NA,64,No
5,2,20,3,NA,NA,No
2,2,15,0,NA,NA,No
4,2,20,5,NA,NA,No
3,2,20,2,NA,NA,No
2,2,20,2,NA,NA,No
3,2,20,0,NA,NA,No
5,2,25,3,NA,NA,No
5,2,20,1,NA,NA,No
2,2,20,0,NA,NA,No
9,2,20,4,NA,NA,No
4,2,20,0,NA,NA,No
6,2,20,6,NA,NA,No
4,2,20,10,NA,NA,No
3,0,0,0,NA,110153,Yes
2,0,0,1,0,110154,Yes
2,0,0,2,0,110155,Yes
3,0,0,4,0,110156,Yes
2,0,0,3,0,110157,Yes
3,0,0,4,0,110158,Yes
2,0,0,1,0,110159,Yes
2,0,0,2,0,110160,Yes
2,0,0,0,NA,110161,Yes
5,0,0,1,0,110163,Yes
2,0,0,6,0,110164,Yes
1,0,0,1,0,110165,Yes
2,0,0,3,0,110166,Yes
2,0,0,2,0,110167,Yes
5,0,0,1,0,110168,Yes
2,0,0,0,NA,110169,Yes
3,0,0,3,0,110170,Yes
1,0,0,1,0,110171,Yes
2,0,0,0,NA,110172,Yes
2,0,0,2,0,110173,Yes
5,0,0,2,0,110174,Yes
5,0,0,0,NA,110175,Yes
2,0,0,0,NA,110176,Yes
2,0,0,2,0,110177,Yes
4,0,0,2,0,110178,Yes
4,0,0,0,NA,110179,Yes
2,1,0,3,0,100168,Yes
2,1,32,1,4,100179,Yes
5,0,10,1,0,100186,Yes
4,0,10,3,0,100187,Yes
7,0,10,0,NA,100190,Yes
6,0,10,3,0,100224,Yes
5,0,10,2,0,100274,Yes
2,0,20,2,0,100282,Yes
6,0,20,0,NA,100283,Yes
2,0,10,3,0,100285,Yes
2,0,15,3,0,100293,Yes
3,0,10,11,0,100294,Yes
2,1,0,0,NA,100307,No
1,0,0,NA,NA,100159,Yes
3,2,14,2,0,100253,Yes
3,0,0,2,0,100275,Yes
3,1,0,0,NA,100323,Yes
3,1,0,0,NA,100163,Yes
2,0,0,0,NA,100164,Yes
3,0,0,1,0,100194,Yes
2,0,0,2,1,100232,Yes
2,2,10,0,NA,100255,Yes
2,0,0,2,0,100263,Yes
9,5,0,2,0,100265,Yes
5,0,15,1,0,100129,Yes
1,0,10,0,NA,100142,Yes
2,1,3,0,NA,100149,Yes
5,0,10,0,NA,100167,Yes
6,0,20,1,0,100170,Yes
2,0,20,4,0,100198,Yes
2,0,10,4,0,100209,Yes
4,0,10,3,0,100216,Yes
4,4,15,2,0,100220,Yes
3,0,10,3,0,100222,Yes
4,0,10,0,NA,100240,Yes
2,0,3,1,0,100268,Yes
6,1,10,1,0,100272,Yes
2,0,0,0,NA,100288,Yes
1,0,0,0,NA,100291,Yes
3,0,10,0,NA,100345,Yes
4,0,35,2,0,100346,Yes
3,0,10,0,NA,100351,Yes
2,0,10,0,NA,100352,Yes
5,0,15,0,NA,100998,No
3,0,20,2,14,100150,Yes
9,0,10,2,0,100206,Yes
6,1,15,1,2,100215,Yes
1,0,20,0,NA,100318,Yes
3,1,20,3,0,100325,Yes
4,0,12,0,NA,0,No
2,0,0,0,NA,100130,Yes
2,0,0,3,0,100157,Yes
3,3,0,0,NA,100169,Yes
4,0,0,5,3,100196,Yes
2,0,10,0,NA,100226,Yes
2,0,0,2,0,100228,Yes
3,0,0,3,0,100229,Yes
2,0,0,3,0,100230,Yes
2,0,0,0,NA,100231,Yes
1,NA,0,0,NA,100233,Yes
4,3,0,1,0,100256,Yes
2,0,40,2,0,100277,Yes
2,0,20,1,0,100306,Yes
7,0,140,4,0,100301,No
3,2,80,2,1,100304,No
4,0,0,0,NA,100135,Yes
8,0,70,1,0,100136,Yes
4,0,20,2,0,100137,Yes
3,0,0,0,NA,100141,Yes
6,0,0,0,NA,100161,Yes
3,0,40,1,0,100166,Yes
4,0,70,2,0,100171,Yes
2,0,70,0,NA,100172,Yes
3,0,70,0,NA,100173,Yes
2,0,50,1,0,100176,Yes
5,0,50,0,NA,100180,Yes
3,0,20,1,0,100183,Yes
2,0,70,3,0,100193,Yes
2,0,20,0,NA,100195,Yes
5,0,10,1,0,100202,Yes
4,0,10,2,7,100203,Yes
2,0,30,2,0,100207,Yes
4,0,0,1,3,100208,Yes
3,2,20,3,0,100225,Yes
3,0,20,0,NA,100259,Yes
5,0,0,1,0,100261,Yes
4,0,20,1,0,100266,Yes
2,1,70,2,0,100279,Yes
4,0,20,0,NA,100284,Yes
3,0,20,NA,NA,100286,Yes
3,2,18,1,0,100287,Yes
4,0,0,2,0,100299,Yes
3,0,20,1,4,100322,Yes
4,0,10,0,NA,100329,Yes
3,0,15,3,2,100339,Yes
2,0,20,0,NA,100340,Yes
1,1,10,0,NA,100341,Yes
3,0,40,2,0,100343,Yes
5,0,110,0,NA,100156,Yes
3,0,10,7,0,100178,Yes
3,0,10,0,NA,100181,Yes
6,0,10,0,NA,100182,Yes
2,0,15,NA,NA,100184,Yes
2,0,0,5,0,100185,Yes
5,0,10,2,0,100200,Yes
4,0,10,1,0,100201,Yes
3,1,50,2,0,100219,Yes
5,0,0,1,0,100221,Yes
5,1,15,2,3,100246,Yes
6,0,10,2,0,100248,Yes
3,0,10,0,NA,100254,Yes
2,0,0,0,NA,100267,Yes
5,0,20,1,0,100281,Yes
2,0,0,1,0,100290,Yes
4,0,25,2,0,100292,Yes
3,0,10,1,0,100302,Yes
2,0,10,1,3,100326,Yes
3,1,10,3,0,100334,Yes
5,3,10,3,0,100335,Yes
3,0,10,2,0,100336,Yes
2,1,10,0,NA,100337,Yes
2,0,10,1,0,100338,Yes
5,0,0,8,NA,123,No
3,1,0,1,0,100312,No
2,0,10,1,0,100313,No
5,0,15,2,0,100316,No
4,0,20,0,NA,100144,Yes
3,0,20,0,NA,100148,Yes
3,0,20,0,NA,100151,Yes
4,0,0,4,0,100155,Yes
4,0,15,2,0,100158,Yes
4,2,0,1,0,100175,Yes
2,0,0,1,0,100189,Yes
2,0,0,0,NA,100211,Yes
4,2,0,0,NA,100227,Yes
3,0,0,2,0,100234,Yes
5,0,0,0,NA,100239,Yes
3,0,20,1,0,100257,Yes
2,0,0,1,0,100262,Yes
3,0,0,0,NA,100264,Yes
6,0,20,0,NA,100271,Yes
4,0,0,0,NA,100280,Yes
4,0,0,1,0,100295,Yes
6,0,0,0,NA,100296,Yes
2,0,0,0,NA,100297,Yes
2,0,20,3,0,100320,Yes
2,1,0,2,0,100327,Yes
2,0,8,1,2,100328,Yes
4,0,0,1,0,100330,Yes
2,0,0,2,0,100331,Yes
5,0,10,3,0,100332,Yes
4,0,0,4,0,100353,Yes
3,0,20,1,0,NA,No
3,0,8,3,0,100210,Yes
1,0,0,0,NA,100214,Yes
2,1,0,1,0,100217,Yes
4,0,0,0,NA,100223,Yes
2,0,0,2,2,100344,Yes
2,0,2,1,0,100347,Yes
4,0,10,0,NA,100354,Yes
2,0,40,3,0,100308,No
4,0,20,1,0,100258,Yes
5,2,100,0,NA,100321,Yes
6,0,0,0,NA,100160,Yes
5,0,0,1,0,100177,Yes
6,0,0,0,NA,100188,Yes
4,0,0,4,1,100191,Yes
3,0,0,0,NA,100192,Yes
4,2,0,0,NA,100212,Yes
2,0,0,0,NA,100213,Yes
7,0,0,3,0,100276,Yes
4,1,0,4,0,100300,Yes
2,0,0,2,0,100303,Yes
2,1,0,2,1,100,No
2,0,0,3,0,100305,Yes
3,1,15,0,NA,100310,No
2,1,60,0,NA,100174,Yes
4,1,0,1,2,100199,Yes
5,2,10,1,3,100204,Yes
5,4,60,3,3,100241,Yes
2,1,10,2,0,100247,Yes
2,1,NA,2,0,100269,Yes
4,0,0,2,0,100273,Yes
4,2,70,0,NA,100278,Yes
3,0,1.25,2,1,100298,Yes
3,0,10,3,0,100333,Yes
2,2,15,0,NA,100134,Yes
4,0,25,0,NA,100162,Yes
5,0,0,2,0,100165,Yes
3,0,25,0,NA,100218,Yes
2,0,20,2,0,100270,Yes
NA,0,0,0,NA,100918,Yes
4,0,0,6,0,110136,Yes
2,0,0,3,0,NA,No
2,0,10,0,NA,NA,No
6,2,15,2,NA,NA,No
4,2,10,0,NA,NA,No
6,2,15,2,NA,NA,No
3,2,20,1,NA,NA,No
2,2,15,2,2,NA,No
3,2,20,0,NA,NA,No
2,2,2,0,NA,NA,No
6,2,20,0,NA,NA,No
2,2,15,0,NA,NA,No
5,2,15,2,3,NA,No
3,2,20,0,NA,NA,No
2,2,10,0,NA,NA,No
2,2,20,2,2,NA,No
2,2,28,0,NA,NA,No
5,2,25,1,3,NA,No
3,2,25,0,NA,NA,No
7,2,30,0,NA,NA,No
3,2,20,0,NA,NA,No
NA,3,15,0,NA,NA,No
4,2,20,0,NA,NA,No
4,2,21,0,NA,NA,No
4,2,15,0,NA,NA,No
3,3,20,0,NA,NA,No
7,2,25,0,NA,NA,No
2,2,15,0,NA,NA,No
4,2,25,0,NA,NA,No
8,2,25,0,NA,NA,No
3,3,25,0,NA,NA,No
4,2,15,1,NA,NA,No
3,2,20,0,NA,NA,No
2,2,15,0,NA,NA,No
2,2,15,0,NA,NA,No
2,2,20,2,2,NA,No
3,2,2,0,NA,NA,No
6,2,30,0,NA,NA,No
3,2,25,0,NA,NA,No
3,2,25,2,2,NA,No
3,2,25,0,NA,NA,No
3,2,15,0,NA,NA,No
5,2,25,0,NA,NA,No
7,2,30,2,NA,NA,No
5,2,25,0,NA,NA,No
4,2,20,0,NA,NA,No
6,2,25,1,2,NA,No
5,2,25,16,NA,NA,No
3,2,25,1,2,NA,No
NA,3,15,0,NA,NA,No
3,2,20,0,NA,NA,No
5,2,20,2,NA,NA,No
1,0,0,0,NA,125025,Yes
6,0,0,2,0,125033,Yes
1,0,0,2,0,125039,Yes
2,0,0,0,NA,125053,Yes
3,0,0,2,0,125054,Yes
4,0,0,1,0,125055,Yes
4,0,0,1,0,125057,Yes
7,0,0,0,NA,125059,Yes
5,0,0,3,0,125056,Yes
3,0,0,0,NA,125061,Yes
5,0,0,0,NA,125041,Yes
5,0,0,1,0,125042,Yes
3,0,0,0,NA,125043,Yes
2,0,0,0,NA,125044,Yes
5,0,0,3,0,125045,Yes
4,0,0,0,NA,125046,Yes
5,0,0,0,NA,125047,Yes
4,0,0,2,0,125058,Yes
5,0,0,1,3,125026,Yes
3,0,0,2,0,125027,Yes
2,0,0,0,NA,125028,Yes
2,0,0,3,0,125032,Yes
2,0,0,1,0,125034,Yes
2,0,6,0,NA,125035,Yes
2,0,0,3,0,125036,Yes
3,1,0,0,NA,125037,Yes
5,0,0,0,NA,125049,Yes
3,0,0,5,0,125051,Yes
4,0,0,0,NA,125052,Yes
2,NA,0,2,0,125060,Yes
5,0,0,2,0,5062,No
3,1,0,0,NA,125022,Yes
2,0,0,0,NA,125023,Yes
1,0,0,0,NA,125024,Yes
2,0,0,3,0,125029,Yes
3,0,0,0,NA,125030,Yes
2,0,0,2,0,125031,Yes
3,0,0,0,NA,125038,Yes
3,0,0,0,NA,125040,Yes
4,0,0,0,NA,125048,Yes
2,0,0,3,0,125050,Yes
3,0,0,5,0,NA,No
3,0,0,5,0,125021,Yes
2,0,0,1,0,125221,Yes
4,0,0,2,0,125194,Yes
2,0,0,4,0,125222,Yes
4,0,0,5,0,125223,Yes
1,0,0,0,NA,125225,Yes
1,0,0,3,0,125226,Yes
2,0,0,3,0,125229,Yes
5,0,0,2,0,125230,Yes
2,0,0,1,0,110000,No
7,0,0,1,0,NA,No
4,0,0,4,0,NA,No
7,0,0,1,0,NA,No
4,0,0,4,0,NA,No
3,0,0,3,0,NA,No
2,0,10,3,NA,NA,No
3,0,0,3,0,NA,No
8,0,0,2,0,NA,No
3,0,0,0,NA,NA,No
3,0,0,0,NA,NA,No
2,0,0,0,NA,NA,No
2,1,5,0,NA,NA,No
2,0,0,1,0,NA,No
8,0,0,2,0,NA,No
3,1,10,3,NA,NA,No
2,0,0,2,0,NA,No
2,0,0,2,0,NA,No
1,0,0,4,0,NA,No
2,0,0,0,NA,NA,No
3,0,0,2,0,NA,No
2,0,0,3,0,NA,No
2,0,0,0,NA,NA,No
2,0,0,3,0,NA,No
2,0,0,3,0,NA,No
4,0,0,4,0,NA,No
5,0,0,7,0,NA,No
3,0,0,3,0,NA,No
2,0,0,1,0,NA,No
2,0,0,2,0,NA,No
3,0,10,1,1,NA,No
3,0,0,2,0,NA,No
5,0,0,3,0,NA,No
2,0,0,2,0,NA,No
2,0,0,2,0,NA,No
2,0,0,1,0,NA,No
2,0,0,1,0,NA,No
2,0,0,3,0,NA,No
2,0,0,2,0,NA,No
2,0,0,2,0,NA,No
2,0,0,1,0,NA,No
7,0,0,1,0,NA,No
2,1,10,4,NA,NA,No
2,0,10,3,NA,NA,No
2,0,0,3,NA,NA,No
4,0,20,3,NA,NA,No
2,0,10,8,NA,NA,No
3,0,NA,2,NA,NA,No
2,NA,10,1,NA,NA,No
5,NA,10,3,NA,NA,No
3,1,10,4,NA,NA,No
2,0,10,1,NA,NA,No
5,0,0,NA,NA,NA,No
2,0,10,1,NA,NA,No
3,0,6,3,0,125092,Yes
11,0,0,9,0,125105,Yes
2,1,20,3,7,125091,Yes
2,0,0,3,0,125097,Yes
2,2,0,1,0,125063,Yes
2,0,0,2,0,125074,Yes
2,0,0,0,NA,NA,No
2,1,0,1,2,NA,No
1,0,0,0,NA,112006,Yes
4,0,0,0,NA,112018,Yes
7,1,0,7,0,112019,Yes
4,1,0,0,NA,112020,Yes
4,1,0,2,0,112023,Yes
2,0,0,1,0,112028,Yes
4,0,0,5,0,112030,Yes
3,0,0,2,0,112031,Yes
2,1,0,0,NA,112032,Yes
6,1,0,6,0,112055,Yes
5,1,0,2,5,112056,Yes
2,0,0,3,0,112063,Yes
2,0,0,2,0,112065,Yes
2,0,0,0,NA,112066,Yes
3,0,0,2,0,112067,Yes
1,0,0,5,0,112075,Yes
2,1,0,1,0,112092,Yes
4,0,0,0,NA,112093,Yes
2,0,0,3,1,112095,Yes
2,0,0,3,0,112102,Yes
5,2,0,3,0,112109,Yes
4,0,0,2,0,112115,Yes
2,0,0,3,7,112119,Yes
2,0,0,4,0,112120,Yes
8,1,0,1,0,112122,Yes
3,2,0,5,0,112123,Yes
4,0,0,4,0,112124,Yes
4,0,0,4,0,112126,Yes
2,0,0,1,0,112137,Yes
3,0,0,4,0,112143,Yes
2,0,0,1,0,112243,Yes
3,2,0,1,3,112245,Yes
3,0,0,2,0,112248,Yes
2,0,0,0,NA,NA,No
5,1,0,0,NA,112000,Yes
2,0,0,2,0,112014,Yes
2,0,0,1,0,112025,Yes
7,1,0,4,0,112027,Yes
3,0,0,3,2,112040,Yes
2,0,0,4,0,112042,Yes
6,2,0,3,7,112053,Yes
2,0,0,2,0,112058,Yes
3,0,20,0,NA,112064,Yes
4,0,0,3,0,112074,Yes
4,0,0,2,0,112076,Yes
1,0,0,4,0,112077,Yes
4,1,0,4,0,112104,Yes
2,0,0,4,2,112107,Yes
2,0,0,0,NA,112136,Yes
5,0,0,1,0,112145,Yes
9,0,0,0,NA,112147,Yes
7,1,0,3,0,112158,Yes
4,0,0,1,0,112167,Yes
2,1,0,1,4,112169,Yes
3,2,0,2,0,112174,Yes
9,3,0,3,0,112175,Yes
4,1,0,0,NA,112176,Yes
2,0,0,0,NA,112182,Yes
2,0,0,3,0,112184,Yes
4,0,0,5,0,112213,Yes
4,0,0,3,0,112214,Yes
3,0,0,1,7,112223,Yes
1,0,0,1,7,112226,Yes
4,1,0,2,4,112246,Yes
2,1,0,4,0,112249,Yes
2,0,0,3,0,112193,Yes
5,0,0,0,NA,112227,Yes
5,0,0,0,NA,112244,Yes
2,0,0,2,0,112247,Yes
1,0,0,0,NA,112045,Yes
2,0,0,1,0,112084,Yes
2,0,0,0,NA,112085,Yes
4,0,0,6,0,112130,Yes
4,0,0,1,2,112140,Yes
2,0,0,0,NA,112142,Yes
4,0,0,4,0,112144,Yes
1,0,0,4,0,112146,Yes
3,0,0,1,0,112162,Yes
2,2,0,0,NA,112166,Yes
2,0,0,2,2,112170,Yes
2,0,0,3,0,112172,Yes
2,0,0,1,0,112177,Yes
2,0,0,3,0,112181,Yes
4,0,0,3,0,112189,Yes
1,0,0,0,NA,112191,Yes
3,0,0,3,0,112003,Yes
2,0,0,0,NA,112016,Yes
2,0,0,0,NA,112062,Yes
2,0,0,0,NA,112073,Yes
3,0,0,0,NA,112087,Yes
2,0,0,1,0,112089,Yes
5,0,0,3,0,112105,Yes
5,1,0,2,0,112125,Yes
2,1,0,6,0,112138,Yes
5,0,0,0,NA,112152,Yes
2,0,0,4,0,112160,Yes
3,0,25,5,0,112178,Yes
5,0,0,0,NA,112179,Yes
2,0,0,3,0,112212,Yes
8,0,0,0,NA,112215,Yes
2,1,0,1,0,112228,Yes
4,0,0,5,0,112234,Yes
4,0,0,2,0,112241,Yes
2,0,0,4,0,112127,Yes
5,0,0,3,0,112141,Yes
2,0,0,4,0,112187,Yes
5,0,5,1,0,112199,Yes
3,0,0,2,0,112200,Yes
3,0,0,2,0,112201,Yes
2,0,0,2,0,112203,Yes
4,0,0,2,0,112209,Yes
2,2,0,1,5,112211,Yes
8,4,0,4,0,112222,Yes
2,0,0,6,0,112230,Yes
3,0,0,6,0,112232,Yes
4,0,0,0,NA,112185,No
3,0,0,2,0,112086,Yes
4,1,0,0,NA,112128,Yes
4,0,0,3,0,112135,Yes
2,0,0,1,0,112157,Yes
2,0,0,2,0,112159,Yes
4,0,0,2,0,112161,Yes
3,0,0,4,0,112173,Yes
5,0,0,2,0,112217,Yes
5,0,0,2,0,112225,Yes
4,0,0,1,0,112229,Yes
6,0,0,5,0,112004,Yes
5,0,0,2,0,112090,Yes
1,0,0,1,0,112001,Yes
2,0,0,0,NA,112005,Yes
3,0,0,0,NA,112007,Yes
2,0,5,2,0,112021,Yes
2,1,0,0,NA,112022,Yes
1,0,0,1,0,112024,Yes
6,1,0,2,0,112026,Yes
3,0,0,0,NA,112034,Yes
7,0,0,4,0,112043,Yes
2,0,10,0,NA,112060,Yes
4,0,0,1,0,112069,Yes
2,0,0,4,0,112078,Yes
4,0,0,1,0,112079,Yes
3,0,0,1,0,112082,Yes
1,0,0,1,0,112091,Yes
2,0,0,5,0,112098,Yes
5,0,0,4,0,112100,Yes
3,0,0,1,0,112101,Yes
2,0,0,2,0,112103,Yes
7,4,0,1,0,112110,Yes
4,0,0,1,0,112111,Yes
1,0,0,2,3,112112,Yes
2,0,0,0,NA,112114,Yes
5,0,0,2,0,112121,Yes
2,1,0,3,0,112134,Yes
2,1,0,3,4,112150,Yes
2,0,0,1,0,112151,Yes
2,0,0,0,NA,112171,Yes
4,0,0,0,NA,112205,Yes
2,0,0,1,0,112206,Yes
3,0,0,2,0,112233,Yes
2,0,0,2,0,112242,Yes
5,0,0,3,0,112009,Yes
1,0,0,0,NA,112048,Yes
3,0,0,1,0,112049,Yes
3,0,0,2,0,112072,Yes
3,0,0,3,0,112080,Yes
2,1,20,2,2,112081,Yes
6,0,0,0,NA,112097,Yes
2,0,0,1,0,112113,Yes
1,0,5,1,0,112116,Yes
4,2,0,1,2,112118,Yes
3,1,0,2,0,112131,Yes
3,0,0,4,0,112132,Yes
2,2,0,0,NA,112149,Yes
3,0,0,2,0,112083,Yes
2,0,0,1,0,112117,Yes
6,0,0,2,0,112185,No
2,0,0,1,0,112156,Yes
2,0,0,1,NA,112250,Yes
3,0,15,4,0,NA,No
1,0,0,4,0,112002,Yes
3,0,0,3,0,112013,Yes
2,0,0,3,0,112017,Yes
2,0,0,0,NA,112029,Yes
2,0,0,3,0,112033,Yes
2,0,0,6,0,112035,Yes
2,0,0,4,0,112036,Yes
2,0,0,3,0,112037,Yes
5,0,0,4,0,112038,Yes
5,0,0,1,0,112054,Yes
2,0,0,3,0,112061,Yes
7,0,0,5,0,112068,Yes
3,0,0,3,0,112106,Yes
2,0,0,3,0,112108,Yes
6,2,0,4,0,112010,Yes
5,1,0,3,0,112011,Yes
7,2,0,2,0,112012,Yes
3,1,0,3,0,112015,Yes
2,0,0,0,NA,112041,Yes
2,1,0,2,3,112044,Yes
5,0,0,0,NA,112047,Yes
3,1,0,2,0,112050,Yes
3,0,0,2,0,112051,Yes
4,1,0,2,3,112052,Yes
5,0,0,1,0,112057,Yes
3,0,0,3,0,112059,Yes
6,0,0,2,0,112071,Yes
6,2,50,2,0,112088,Yes
3,0,0,0,NA,112094,Yes
4,0,3,0,NA,112099,Yes
3,0,0,1,0,112154,Yes
2,0,0,1,0,112194,Yes
2,0,0,0,NA,112195,Yes
4,0,0,0,NA,112197,Yes
4,0,0,3,0,112198,Yes
6,0,0,1,0,112204,Yes
4,0,0,2,0,112207,Yes
3,0,0,1,0,112208,Yes
2,0,0,0,NA,112210,Yes
2,0,0,2,0,112221,Yes
3,0,0,0,NA,112231,Yes
4,0,0,0,NA,112237,Yes
2,0,0,0,NA,112238,Yes
3,0,0,1,0,112239,Yes
9,0,0,2,0,112240,Yes
2,0,5,2,0,110034,Yes
2,0,0,0,NA,110035,Yes
3,0,0,0,NA,110036,Yes
2,0,0,0,NA,110037,Yes
6,0,0,2,0,110038,Yes
2,0,0,5,0,110039,Yes
2,0,10,1,0,110040,Yes
1,0,12,0,NA,110041,Yes
3,0,0,1,0,110042,Yes
5,0,30,5,0,110010,Yes
3,0,0,3,0,110011,Yes
3,0,40,4,0,110012,Yes
2,0,0,2,0,110013,Yes
4,0,0,3,0,110014,Yes
2,0,15,0,NA,110015,Yes
3,0,0,1,0,110016,Yes
2,0,0,0,NA,110017,Yes
2,0,0,0,NA,110018,Yes
4,0,0,2,0,110019,Yes
2,0,0,0,NA,110020,Yes
2,1,0,5,2,110021,Yes
2,0,0,0,NA,110022,Yes
4,0,NA,5,0,110023,Yes
6,0,0,2,0,110024,Yes
3,0,0,2,0,110025,Yes
3,0,60,0,NA,110026,Yes
2,0,0,2,0,110027,Yes
1,0,0,2,0,110028,Yes
1,0,0,0,NA,110029,Yes
3,0,0,0,NA,110053,Yes
1,1,30,0,NA,110054,Yes
1,0,15,2,2,110055,Yes
5,0,20,6,0,110056,Yes
5,0,0,0,NA,110057,Yes
5,0,10,0,NA,110058,Yes
2,0,0,0,NA,110059,Yes
4,0,NA,2,0,110060,Yes
3,0,0,4,0,110062,Yes
1,1,0,0,NA,110063,Yes
3,0,0,4,0,110064,Yes
1,0,0,1,0,110033,Yes
3,0,10,6,0,110043,Yes
6,0,0,1,0,110044,Yes
2,1,20,0,NA,110045,Yes
3,0,0,0,NA,110046,Yes
2,2,0,1,0,110047,Yes
1,0,0,0,NA,110048,Yes
4,0,0,2,0,110050,Yes
2,0,10,2,0,110051,Yes
3,1,0,0,NA,110084,Yes
6,1,0,2,0,110085,Yes
3,0,0,0,NA,110030,Yes
7,1,96,2,0,110031,Yes
6,0,0,9,0,110032,Yes
2,0,0,4,0,125000,Yes
3,0,0,3,0,125001,Yes
3,0,0,4,0,125002,Yes
4,1,50,1,0,110077,Yes
3,2,80,5,0,110070,Yes
3,0,48,2,0,110071,Yes
7,2,50,9,0,110072,Yes
1,0,20,5,2,110073,Yes
2,0,0,1,3,110074,Yes
2,1,40,3,2,110075,Yes
3,2,0,0,NA,110076,Yes
2,NA,0,0,NA,110078,Yes
2,1,40,1,0,110079,Yes
10,2,0,5,0,110082,Yes
3,0,50,1,0,110083,Yes
2,1,80,4,0,110086,Yes
2,0,0,3,2,110087,Yes
3,0,0,3,0,110088,Yes
2,0,0,6,0,110089,Yes
2,0,0,2,2,110090,Yes
2,0,0,2,0,110091,Yes
2,0,0,2,0,101425,Yes
3,0,0,5,0,NA,No
6,0,0,0,NA,101387,Yes
1,0,0,0,NA,101388,Yes
3,0,0,0,NA,101389,Yes
2,0,0,2,0,101390,Yes
2,0,0,1,0,101398,Yes
4,0,0,3,0,101399,Yes
3,0,0,3,0,101414,Yes
4,0,0,4,0,101417,Yes
3,0,0,2,0,101426,Yes
1,0,0,0,NA,101429,Yes
2,0,0,1,0,101457,Yes
4,0,0,2,0,101461,Yes
2,0,0,2,0,101464,Yes
3,0,0,1,0,101465,Yes
2,0,0,0,NA,101469,Yes
2,0,0,1,0,101474,Yes
5,0,0,0,NA,101475,Yes
2,0,0,2,0,101477,Yes
2,0,0,2,0,101478,Yes
2,0,0,1,0,101391,Yes
2,0,0,3,0,101396,Yes
2,0,0,1,0,101397,Yes
5,0,0,0,NA,101411,Yes
2,0,0,0,NA,101416,Yes
3,0,0,3,0,101458,Yes
3,0,0,3,0,101459,Yes
2,0,0,2,0,101460,Yes
2,0,0,1,0,101462,Yes
3,0,0,2,0,101466,Yes
2,0,0,2,0,101467,Yes
2,0,0,2,0,101468,Yes
2,0,0,2,0,101470,Yes
1,0,0,0,NA,101471,Yes
4,0,0,0,NA,101472,Yes
2,0,0,3,0,101473,Yes
2,0,0,4,0,101476,Yes
5,1,0,2,1,789654,No
1,0,0,1,0,100841,Yes
NA,0,0,0,NA,100919,Yes
4,2,0,0,NA,125158,Yes
4,0,0,0,NA,125160,Yes
6,0,0,2,0,125161,Yes
4,0,0,2,0,125163,Yes
3,0,0,2,0,125164,Yes
3,0,0,0,NA,125165,Yes
3,0,0,1,0,125167,Yes
3,0,0,0,NA,125172,Yes
4,0,0,0,NA,125174,Yes
3,0,0,0,NA,125175,Yes
5,0,0,4,0,125176,Yes
2,0,0,1,0,125177,Yes
3,0,0,0,NA,125156,Yes
2,0,0,0,NA,125157,Yes
3,0,0,0,NA,125159,Yes
1,0,0,0,NA,125162,Yes
4,0,0,4,0,125166,Yes
1,0,0,0,NA,125168,Yes
5,0,0,0,NA,125170,Yes
2,0,0,0,NA,125171,Yes
2,0,0,2,0,125173,Yes
5,0,0,1,0,125178,Yes
3,0,0,2,0,125179,Yes
2,0,0,2,0,100301,No
5,0,0,1,2,100304,No
3,0,0,0,NA,100307,No
3,0,0,0,NA,100308,No
2,0,0,2,0,100310,No
4,0,0,2,0,100312,No
2,NA,0,0,NA,100313,No
2,0,0,0,NA,100316,No
2,0,0,0,NA,100309,Yes
2,0,0,0,NA,100315,Yes
5,0,0,0,NA,100317,Yes
2,1,0,5,0,110069,Yes
NA,4,NA,3,0,110000,No
4,2,30,2,0,110080,Yes
2,0,0,6,0,101401,Yes
4,0,0,3,0,101404,Yes
2,0,0,5,0,101405,Yes
2,0,0,3,0,101407,Yes
4,0,0,4,0,101410,Yes
2,0,0,1,0,101412,Yes
4,0,0,0,NA,101418,Yes
2,0,0,0,NA,101419,Yes
2,0,0,0,NA,101420,Yes
2,0,0,0,NA,101421,Yes
5,0,0,4,0,101423,Yes
2,0,0,2,0,101424,Yes
2,0,0,3,0,101428,Yes
2,0,0,1,0,101434,Yes
1,0,0,0,NA,101435,Yes
2,0,0,0,NA,101436,Yes
4,0,0,3,0,101437,Yes
4,0,0,3,0,101439,Yes
3,0,0,3,0,101440,Yes
1,0,0,0,NA,101441,Yes
2,0,0,1,0,101444,Yes
1,0,0,1,0,101451,Yes
1,0,0,0,NA,101452,Yes
2,0,0,0,NA,101453,Yes
6,0,0,2,0,101454,Yes
3,0,0,3,0,101455,Yes
2,0,0,5,0,101456,Yes
3,0,0,0,NA,101402,Yes
2,0,0,0,NA,101406,Yes
2,0,0,0,NA,101408,Yes
2,0,0,1,0,101413,Yes
3,0,0,2,0,101415,Yes
2,0,0,1,0,101422,Yes
2,0,0,1,0,101427,Yes
2,0,NA,1,0,101430,Yes
3,0,0,2,0,101431,Yes
6,0,0,1,0,101433,Yes
2,0,0,2,0,101438,Yes
1,0,0,1,0,101442,Yes
2,0,0,2,0,101443,Yes
2,0,0,2,0,101445,Yes
2,0,0,0,NA,101446,Yes
2,0,0,2,0,101447,Yes
4,0,0,0,NA,101448,Yes
3,0,0,0,NA,101449,Yes
4,0,0,3,0,101450,Yes
3,0,0,3,0,101393,Yes
4,0,0,1,0,101394,Yes
2,0,0,0,NA,101395,Yes
2,0,0,0,NA,101403,Yes
2,0,0,0,NA,101409,Yes
6,0,0,6,0,125206,Yes
2,0,0,4,0,125207,Yes
2,0,0,2,0,125208,Yes
4,0,0,5,0,125209,Yes
2,0,0,6,0,125210,Yes
1,1,0,0,NA,125084,Yes
2,0,0,3,0,125072,Yes
4,0,0,0,NA,125075,Yes
3,0,0,1,0,125085,Yes
1,0,0,2,0,125086,Yes
2,0,0,0,NA,125066,Yes
3,0,0,3,0,125067,Yes
2,0,0,0,NA,125069,Yes
1,1,0,0,NA,125070,Yes
2,0,0,2,0,125077,Yes
5,0,0,5,0,125082,Yes
4,0,0,1,0,125065,Yes
5,0,12,5,0,125081,Yes
4,1,0,0,NA,125088,Yes
2,0,0,0,NA,125064,Yes
2,0,0,0,NA,125068,Yes
3,0,0,0,NA,125071,Yes
4,0,0,6,0,125073,Yes
4,0,0,0,NA,125076,Yes
2,0,50,3,0,125078,Yes
2,0,0,3,0,125079,Yes
2,0,0,3,0,125083,Yes
1,0,0,4,0,125087,Yes
2,0,0,1,0,125089,Yes
1,0,0,2,0,100556,Yes
3,0,0,0,NA,100561,Yes
6,2,0,5,0,100557,Yes
3,0,0,2,0,100559,Yes
1,0,0,0,NA,125189,Yes
2,0,0,1,0,125190,Yes
2,0,0,3,0,125180,Yes
3,0,0,3,0,125181,Yes
3,0,0,0,NA,125182,Yes
2,0,0,3,0,125184,Yes
2,0,0,6,0,125186,Yes
2,0,0,0,NA,125191,Yes
4,0,0,0,NA,125192,Yes
2,0,0,3,0,125193,Yes
5,0,0,2,0,125185,Yes
3,0,0,2,0,101175,Yes
3,0,0,2,0,101179,Yes
3,0,0,1,0,101180,Yes
2,0,0,1,0,101190,Yes
3,0,0,2,0,101200,Yes
5,0,0,2,0,101204,Yes
5,0,0,2,0,101205,Yes
4,0,0,0,NA,101206,Yes
3,0,0,0,NA,101207,Yes
2,0,0,1,0,101213,Yes
2,0,0,1,0,101215,Yes
2,0,0,5,0,101216,Yes
2,0,0,2,0,101217,Yes
3,0,0,4,0,101224,Yes
2,0,0,0,NA,101176,Yes
6,0,0,0,NA,101178,Yes
3,0,0,3,0,101181,Yes
2,0,0,2,0,101182,Yes
2,0,0,0,NA,101184,Yes
2,0,0,2,0,101186,Yes
2,0,0,0,NA,101193,Yes
5,0,0,0,NA,101196,Yes
2,0,0,3,0,101198,Yes
2,0,0,0,NA,101199,Yes
2,0,0,3,0,101211,Yes
4,0,0,1,0,101212,Yes
2,0,0,2,0,101222,Yes
2,0,0,5,0,110130,Yes
3,0,0,3,0,110135,Yes
2,0,0,1,0,NA,No
2,0,0,1,0,110116,Yes
7,0,0,3,0,110117,Yes
5,0,0,2,NA,110118,Yes
3,0,0,0,NA,110119,Yes
4,0,0,2,0,110120,Yes
3,0,0,1,0,110121,Yes
3,0,0,0,NA,110122,Yes
2,0,0,0,NA,110123,Yes
5,0,0,0,NA,110124,Yes
4,0,0,1,0,110125,Yes
2,0,0,0,NA,110126,Yes
1,0,0,0,NA,110128,Yes
4,0,0,2,0,110129,Yes
2,0,0,0,NA,110131,Yes
2,0,0,3,0,110133,Yes
6,6,0,6,2,100467,Yes
2,NA,0,3,2,100468,Yes
12,0,0,7,0,100469,Yes
2,0,10,5,0,100471,Yes
8,4,20,4,7,100463,Yes
2,0,15,1,0,100464,Yes
NA,3,0,3,0,100465,Yes
10,6,0,13,0,100466,Yes
1,0,0,0,NA,125110,Yes
2,0,0,1,0,125111,Yes
7,0,0,1,0,125112,Yes
2,0,0,1,1,125113,Yes
4,0,0,5,0,125114,Yes
2,0,0,1,0,125115,Yes
2,0,0,1,0,125116,Yes
7,0,0,3,0,125117,Yes
5,0,0,3,0,125118,Yes
4,0,0,2,0,NA,No
2,0,0,5,0,NA,No
2,0,0,2,0,NA,No
2,0,0,1,0,NA,No
6,0,0,2,0,NA,No
2,0,0,0,NA,NA,No
5,0,0,1,0,NA,No
4,0,0,1,0,NA,No
2,0,0,1,0,NA,No
2,0,0,0,NA,NA,No
2,0,0,2,0,NA,No
5,0,0,2,0,NA,No
4,0,0,4,0,NA,No
2,0,0,0,NA,NA,No
11,2,100,16,NA,NA,No
6,0,0,3,0,125231,Yes
4,0,0,1,0,125232,Yes
1,0,0,0,NA,125233,Yes
7,1,0,3,0,125100,Yes
2,0,0,0,NA,110142,Yes
2,0,0,3,0,110144,Yes
2,0,0,0,NA,110145,Yes
2,0,0,2,0,110146,Yes
2,0,0,0,NA,110147,Yes
5,0,0,1,0,110148,Yes
3,0,0,1,0,110149,Yes
2,0,0,0,NA,110150,Yes
2,0,0,4,0,110151,Yes
2,0,0,1,0,110152,Yes
4,0,60,0,NA,15285881,No
4,0,0,4,0,110134,Yes
3,0,0,0,NA,110137,Yes
3,0,0,0,NA,110138,Yes
4,0,0,2,0,110139,Yes
4,0,0,2,0,110140,Yes
4,0,70,0,NA,110141,Yes
2,0,0,0,NA,110143,Yes
2,0,0,1,1,110081,Yes
2,2,0,1,0,101055,Yes
1,0,0,0,NA,101091,Yes
3,0,0,0,NA,101122,Yes
2,0,0,1,0,101076,Yes
3,0,0,0,NA,101078,Yes
3,0,0,1,0,101090,Yes
3,0,0,2,0,101104,Yes
2,0,0,3,0,101080,Yes
4,0,0,3,0,NA,No
4,0,0,1,0,NA,No
2,0,0,1,0,NA,No
1,NA,0,0,NA,NA,No
2,2,0,3,0,NA,No
5,0,0,0,NA,NA,No
2,0,0,0,NA,NA,No
3,0,0,3,0,NA,No
3,2,0,3,0,NA,No
2,0,0,1,0,NA,No
5,0,0,3,2,NA,No
4,0,0,1,0,NA,No
2,1,0,4,0,NA,No
2,0,0,0,NA,NA,No
4,0,0,0,NA,NA,No
4,0,0,4,0,NA,No
2,0,0,0,NA,NA,No
3,0,0,1,0,NA,No
1,0,0,0,NA,NA,No
2,0,0,5,0,NA,No
5,0,0,1,0,NA,No
3,0,0,0,NA,NA,No
2,0,0,5,0,NA,No
1,0,0,0,NA,NA,No
2,0,0,2,0,NA,No
2,0,0,3,0,NA,No
3,0,0,0,NA,NA,No
2,0,0,2,0,NA,No
2,0,0,2,0,NA,No
3,0,0,1,0,125129,Yes
2,0,0,2,0,125125,Yes
1,0,0,0,NA,125127,Yes
2,0,0,4,0,125128,Yes
3,0,0,1,0,125133,Yes
2,0,0,3,0,125123,Yes
2,0,0,0,NA,125124,Yes
5,0,0,1,0,125126,Yes
4,0,0,2,0,125130,Yes
2,0,0,0,NA,125131,Yes
2,0,0,0,NA,125132,Yes
4,0,20,1,0,100117,Yes
2,0,0,1,0,100131,Yes
2,0,20,2,0,100132,Yes
3,0,0,6,0,100484,Yes
6,0,0,5,0,100486,Yes
4,0,0,3,0,100487,Yes
NA,6,0,2,0,100490,Yes
4,0,0,2,0,100492,Yes
4,1,0,0,NA,100476,Yes
4,0,20,0,NA,100477,Yes
4,0,0,2,0,100478,Yes
3,2,0,3,0,100480,Yes
2,0,0,0,NA,100481,Yes
5,0,0,1,0,100482,Yes
5,0,4,2,0,100489,Yes
4,0,0,3,0,100491,Yes
4,1,0,1,0,125101,Yes
3,0,0,0,NA,125093,Yes
4,0,0,3,0,125095,Yes
6,0,0,2,0,125096,Yes
4,0,0,2,0,125094,Yes
4,0,0,1,0,125098,Yes
2,0,6,0,NA,125103,Yes
3,0,0,NA,NA,125099,Yes
4,3,0,3,1,125102,Yes
2,2,0,3,0,125106,Yes
2,0,0,1,0,110001,Yes
4,0,0,3,0,110002,Yes
2,0,2,0,NA,110003,Yes
2,0,0,4,0,110004,Yes
4,0,0,2,0,110005,Yes
2,0,0,1,0,110006,Yes
4,0,0,4,0,110007,Yes
2,0,8,4,0,110008,Yes
4,1,0,3,0,110009,Yes
2,0,10,5,0,100520,No
2,NA,0,2,NA,100537,No
3,0,0,NA,NA,100545,No
2,0,0,2,0,100546,No
3,0,0,NA,NA,100495,Yes
2,1,30,4,0,100496,Yes
2,0,0,2,0,100499,Yes
3,0,10,0,NA,100500,Yes
2,0,0,3,0,100502,Yes
2,0,0,2,0,100503,Yes
3,0,0,1,0,100505,Yes
2,0,0,0,NA,100506,Yes
2,0,0,0,NA,100507,Yes
2,0,NA,1,0,100513,Yes
2,0,0,2,0,100523,Yes
2,0,0,NA,NA,100531,Yes
2,0,NA,2,0,100533,Yes
3,0,0,0,NA,100534,Yes
2,0,20,0,NA,100535,Yes
2,0,0,3,0,100539,Yes
2,0,0,1,0,100541,Yes
2,0,0,1,0,100542,Yes
2,NA,0,2,0,100543,Yes
3,0,100,1,0,100547,Yes
5,0,30,0,NA,100552,Yes
2,0,0,2,0,100553,Yes
9,0,0,2,0,100511,Yes
4,1,0,1,0,100512,Yes
7,1,0,5,0,100525,Yes
3,1,0,1,0,100540,Yes
2,0,0,2,0,100537,No
3,2,0,0,NA,100545,No
2,0,0,2,0,100522,Yes
2,0,0,3,2,100497,Yes
3,0,0,2,0,100501,Yes
2,0,0,0,NA,100509,Yes
6,1,0,4,0,100510,Yes
5,1,0,0,NA,100514,Yes
2,0,0,2,0,100517,Yes
2,0,0,3,0,100521,Yes
2,0,0,4,0,100524,Yes
2,0,0,5,0,100529,Yes
2,0,0,4,0,100538,Yes
2,0,6,6,0,100544,Yes
3,0,0,5,2,100548,Yes
2,NA,20,2,3,100549,Yes
2,0,10,0,NA,100551,Yes
2,0,0,1,2,100504,Yes
3,0,0,2,0,100519,Yes
5,0,0,1,0,100554,Yes
1,0,0,0,NA,100555,Yes
2,0,0,4,0,100558,Yes
2,0,10,2,0,100560,Yes
2,0,0,2,0,100516,Yes
2,0,0,1,0,100527,Yes
3,0,0,2,2,100518,Yes
2,1,0,3,2,100550,Yes
3,1,0,3,0,100515,Yes
4,1,0,1,2,100508,Yes
3,0,0,0,NA,100528,Yes
4,0,0,4,0,125213,Yes
3,0,0,1,0,125214,Yes
2,0,0,5,0,125216,Yes
4,0,0,4,0,125211,Yes
2,0,0,0,NA,125212,Yes
3,0,0,0,NA,125215,Yes
1,0,0,3,0,125217,Yes
3,0,0,3,0,125218,Yes
0,0,0,3,0,125219,Yes
5,0,0,2,0,125220,Yes
2,0,10,0,NA,NA,No
2,0,10,0,NA,NA,No
2,0,10,0,NA,NA,No
2,0,10,3,0,NA,No
4,0,10,0,NA,NA,No
3,0,10,0,NA,NA,No
2,0,10,0,NA,NA,No
2,0,10,0,NA,NA,No
4,0,10,0,NA,NA,No
4,0,10,1,0,NA,No
4,0,10,0,NA,NA,No
2,0,10,1,0,NA,No
3,0,10,2,0,NA,No
5,0,10,1,0,NA,No
3,0,10,2,0,NA,No
2,0,10,3,0,NA,No
2,0,10,0,NA,NA,No
2,0,10,0,NA,NA,No
4,0,10,0,NA,NA,No
5,0,10,1,0,NA,No
2,0,10,2,0,NA,No
4,0,10,1,0,NA,No
1,0,10,0,NA,NA,No
3,0,10,0,NA,NA,No
4,0,10,0,NA,NA,No
1,0,10,0,NA,NA,No
2,0,10,2,0,NA,No
2,0,10,2,0,NA,No
1,0,10,0,NA,NA,No
3,0,10,0,NA,NA,No
2,0,10,1,0,NA,No
3,0,10,2,0,NA,No
5,0,10,1,0,NA,No
2,0,10,1,0,NA,No
2,0,10,3,0,NA,No
2,0,10,0,NA,NA,No
1,0,10,0,NA,NA,No
2,0,10,1,0,NA,No
2,0,10,0,NA,NA,No
2,0,10,3,0,NA,No
2,0,10,1,0,NA,No
2,0,10,1,0,NA,No
1,0,10,0,NA,NA,No
4,0,10,1,0,NA,No
4,0,10,0,NA,NA,No
1,0,10,0,NA,NA,No
1,0,10,0,NA,NA,No
2,0,10,0,NA,NA,No
3,0,10,2,0,NA,No
2,0,0,4,0,110061,Yes
4,3,0,2,3,110065,Yes
1,0,0,3,0,110066,Yes
3,2,0,1,0,110067,Yes
1,1,0,2,7,110068,Yes
2,0,0,5,0,125136,Yes
1,0,0,0,NA,125139,Yes
1,0,0,0,NA,125140,Yes
3,0,0,2,0,125141,Yes
2,0,0,2,0,125143,Yes
2,0,0,0,NA,125146,Yes
2,0,0,3,0,125148,Yes
2,0,0,4,0,125149,Yes
2,0,0,1,0,125152,Yes
2,0,0,1,0,125154,Yes
1,0,0,0,NA,125134,Yes
5,0,0,1,0,125135,Yes
3,0,0,6,0,125137,Yes
3,0,0,2,0,125138,Yes
2,0,0,0,NA,125142,Yes
3,0,0,3,0,125144,Yes
2,0,0,2,0,125145,Yes
4,0,0,2,0,125147,Yes
4,0,0,3,0,125150,Yes
2,0,0,0,NA,125151,Yes
2,0,0,1,0,125153,Yes
2,0,0,1,0,125155,Yes
